sofifa_id,player_url,short_name,long_name,player_positions,overall,potential,value_eur,wage_eur,age,dob,height_cm,weight_kg,club_team_id,club_name,league_name,league_level,club_position,club_jersey_number,club_loaned_from,club_joined,club_contract_valid_until,nationality_id,nationality_name,nation_team_id,nation_position,nation_jersey_number,preferred_foot,weak_foot,skill_moves,international_reputation,work_rate,body_type,real_face,release_clause_eur,player_tags,player_traits,pace,shooting,passing,dribbling,defending,physic,attacking_crossing,attacking_finishing,attacking_heading_accuracy,attacking_short_passing,attacking_volleys,skill_dribbling,skill_curve,skill_fk_accuracy,skill_long_passing,skill_ball_control,movement_acceleration,movement_sprint_speed,movement_agility,movement_reactions,movement_balance,power_shot_power,power_jumping,power_stamina,power_strength,power_long_shots,mentality_aggression,mentality_interceptions,mentality_positioning,mentality_vision,mentality_penalties,mentality_composure,defending_marking_awareness,defending_standing_tackle,defending_sliding_tackle,goalkeeping_diving,goalkeeping_handling,goalkeeping_kicking,goalkeeping_positioning,goalkeeping_reflexes,goalkeeping_speed,ls,st,rs,lw,lf,cf,rf,rw,lam,cam,ram,lm,lcm,cm,rcm,rm,lwb,ldm,cdm,rdm,rwb,lb,lcb,cb,rcb,rb,gk,player_face_url,club_logo_url,club_flag_url,nation_logo_url,nation_flag_url
158023,https://sofifa.com/player/158023/lionel-messi/200002,L. Messi,Lionel Andrés Messi Cuccittini,"RW, CF, ST",94,94,95500000.0,560000.0,32,1987-06-24,170,72,241.0,FC Barcelona,Spain Primera Division,1,RW,10,,2004-07-01,2021,52,Argentina,,,,Left,4,4,5,Medium/Low,Unique,Yes,195800000,"#Dribbler, #Distance Shooter, #Crosser, #FK Specialist, #Acrobat, #Clinical Finisher, #Complete Forward","Finesse Shot, Long Shot Taker (AI), Speed Dribbler (AI), Playmaker (AI), Outside Foot Shot, One Club Player, Team Player, Chip Shot (AI)",87,92,92,96,39,66,88,95,70,92,88,97,93,94,92,96,91,84,93,95,95,86,68,75,68,94,48,40,94,94,75,96,33,37,26,6,11,15,14,8,,89+5,89+5,89+5,93+1,93+1,93+1,93+1,93+1,94,94,94,92+2,87+6,87+6,87+6,92+2,68+6,66+6,66+6,66+6,68+6,63+6,53+6,53+6,53+6,63+6,19+6,https://cdn.sofifa.net/players/158/023/20_120.png,https://cdn.sofifa.net/teams/241/60.png,https://cdn.sofifa.net/flags/es.png,,https://cdn.sofifa.net/flags/ar.png
20801,https://sofifa.com/player/20801/c-ronaldo-dos-santos-aveiro/200002,Cristiano Ronaldo,Cristiano Ronaldo dos Santos Aveiro,"ST, LW",93,93,58500000.0,410000.0,34,1985-02-05,187,83,45.0,Juventus,Italian Serie A,1,LW,7,,2018-07-10,2022,38,Portugal,1354.0,LS,7,Right,4,5,5,High/Low,Unique,Yes,96500000,"#Speedster, #Dribbler, #Distance Shooter, #Acrobat, #Clinical Finisher, #Complete Forward","Power Free-Kick, Flair, Long Shot Taker (AI), Speed Dribbler (AI), Outside Foot Shot",90,93,82,89,35,78,84,94,89,83,87,89,81,76,77,92,89,91,87,96,71,95,95,85,78,93,63,29,95,82,85,95,28,32,24,7,11,15,14,11,,91+2,91+2,91+2,90,91,91,91,90,89+3,89+3,89+3,88+3,81+3,81+3,81+3,88+3,65+3,62+3,62+3,62+3,65+3,61+3,54+3,54+3,54+3,61+3,20+3,https://cdn.sofifa.net/players/020/801/20_120.png,https://cdn.sofifa.net/teams/45/60.png,https://cdn.sofifa.net/flags/it.png,https://cdn.sofifa.net/teams/1354/60.png,https://cdn.sofifa.net/flags/pt.png
190871,https://sofifa.com/player/190871/neymar-da-silva-santos-jr/200002,Neymar Jr,Neymar da Silva Santos Júnior,"LW, CAM",92,92,105500000.0,290000.0,27,1992-02-05,175,68,73.0,Paris Saint-Germain,French Ligue 1,1,CAM,10,,2017-08-03,2022,54,Brazil,1370.0,LW,10,Right,5,5,5,High/Medium,Unique,Yes,195200000,"#Speedster, #Dribbler, #Playmaker, #Crosser, #FK Specialist, #Acrobat, #Clinical Finisher, #Complete Midfielder, #Complete Forward","Injury Prone, Flair, Speed Dribbler (AI), Outside Foot Shot, Technical Dribbler (AI)",91,85,87,95,32,58,87,87,62,87,87,96,88,87,81,95,94,89,96,92,84,80,61,81,49,84,51,36,87,90,90,94,27,26,29,9,9,15,15,11,,84+6,84+6,84+6,91+1,90+2,90+2,90+2,91+1,90+2,90+2,90+2,90+2,83+6,83+6,83+6,90+2,67+6,61+6,61+6,61+6,67+6,61+6,47+6,47+6,47+6,61+6,20+6,https://cdn.sofifa.net/players/190/871/20_120.png,https://cdn.sofifa.net/teams/73/60.png,https://cdn.sofifa.net/flags/fr.png,https://cdn.sofifa.net/teams/1370/60.png,https://cdn.sofifa.net/flags/br.png
183277,https://sofifa.com/player/183277/eden-hazard/200002,E. Hazard,Eden Hazard,"LW, CF",91,91,90000000.0,470000.0,28,1991-01-07,175,74,243.0,Real Madrid CF,Spain Primera Division,1,LW,7,,2019-07-01,2024,7,Belgium,1325.0,LF,10,Right,4,4,4,High/Medium,Normal (170-185),Yes,184500000,"#Speedster, #Dribbler, #Acrobat","Finesse Shot, Flair, Playmaker (AI), Outside Foot Shot, Technical Dribbler (AI)",91,83,86,94,35,66,81,84,61,89,83,95,83,79,83,94,94,88,95,90,94,82,56,84,63,80,54,41,87,89,88,91,34,27,22,11,12,6,8,8,,84+6,84+6,84+6,89+2,89+2,89+2,89+2,89+2,90+1,90+1,90+1,89+2,83+6,83+6,83+6,89+2,66+6,63+6,63+6,63+6,66+6,61+6,49+6,49+6,49+6,61+6,18+6,https://cdn.sofifa.net/players/183/277/20_120.png,https://cdn.sofifa.net/teams/243/60.png,https://cdn.sofifa.net/flags/es.png,https://cdn.sofifa.net/teams/1325/60.png,https://cdn.sofifa.net/flags/be.png
192985,https://sofifa.com/player/192985/kevin-de-bruyne/200002,K. De Bruyne,Kevin De Bruyne,"CAM, CM",91,91,90000000.0,370000.0,28,1991-06-28,181,70,10.0,Manchester City,English Premier League,1,RCM,17,,2015-08-30,2023,7,Belgium,1325.0,RCM,7,Right,5,4,4,High/High,Normal (170-185),Yes,166500000,"#Dribbler, #Playmaker, #Engine, #Distance Shooter, #Crosser, #Complete Midfielder","Injury Prone, Leadership, Early Crosser, Long Passer (AI), Long Shot Taker (AI), Playmaker (AI)",76,86,92,86,61,78,93,82,55,92,82,86,85,83,91,91,77,76,78,91,76,91,63,89,74,90,76,61,88,94,79,91,68,58,51,15,13,5,10,13,,83+3,83+3,83+3,87,87,87,87,87,89+2,89+2,89+2,88+3,88+3,88+3,88+3,88+3,77+3,77+3,77+3,77+3,77+3,73+3,67+3,67+3,67+3,73+3,21+3,https://cdn.sofifa.net/players/192/985/20_120.png,https://cdn.sofifa.net/teams/10/60.png,https://cdn.sofifa.net/flags/gb-eng.png,https://cdn.sofifa.net/teams/1325/60.png,https://cdn.sofifa.net/flags/be.png
200389,https://sofifa.com/player/200389/jan-oblak/200002,J. Oblak,Jan Oblak,GK,91,93,77500000.0,125000.0,26,1993-01-07,188,87,240.0,Atlético de Madrid,Spain Primera Division,1,GK,13,,2014-07-16,2023,44,Slovenia,1361.0,GK,1,Right,3,1,3,Medium/Medium,Normal (185+),Yes,164700000,,"GK Long Throw, Comes For Crosses",,,,,,,13,11,15,43,13,12,13,14,40,30,43,60,67,88,49,59,78,41,78,12,34,19,11,65,11,68,27,12,18,87,92,78,90,89,52,33+3,33+3,33+3,32,35,35,35,32,38+3,38+3,38+3,35+3,38+3,38+3,38+3,35+3,32+3,36+3,36+3,36+3,32+3,32+3,33+3,33+3,33+3,32+3,89+3,https://cdn.sofifa.net/players/200/389/20_120.png,https://cdn.sofifa.net/teams/240/60.png,https://cdn.sofifa.net/flags/es.png,https://cdn.sofifa.net/teams/1361/60.png,https://cdn.sofifa.net/flags/si.png
177003,https://sofifa.com/player/177003/luka-modric/200002,L. Modrić,Luka Modrić,CM,90,90,45000000.0,340000.0,33,1985-09-09,172,66,243.0,Real Madrid CF,Spain Primera Division,1,RCM,10,,2012-08-01,2020,10,Croatia,,,,Right,4,4,4,High/High,Lean (170-185),Yes,92300000,"#Dribbler, #Playmaker, #Crosser, #Acrobat, #Complete Midfielder","Long Shot Taker (AI), Playmaker (AI), Outside Foot Shot, Technical Dribbler (AI)",74,76,89,89,72,66,86,72,55,92,76,87,85,78,88,92,77,71,92,89,93,79,68,85,58,82,62,82,79,91,82,92,68,76,71,13,9,7,14,9,,77+3,77+3,77+3,85,83,83,83,85,87+3,87+3,87+3,85+3,87+3,87+3,87+3,85+3,82+3,82+3,82+3,82+3,82+3,79+3,72+3,72+3,72+3,79+3,20+3,https://cdn.sofifa.net/players/177/003/20_120.png,https://cdn.sofifa.net/teams/243/60.png,https://cdn.sofifa.net/flags/es.png,,https://cdn.sofifa.net/flags/hr.png
192448,https://sofifa.com/player/192448/marc-andre-ter-stegen/200002,M. ter Stegen,Marc-André ter Stegen,GK,90,93,67500000.0,250000.0,27,1992-04-30,187,85,241.0,FC Barcelona,Spain Primera Division,1,GK,1,,2014-07-01,2022,21,Germany,1337.0,SUB,22,Right,4,1,3,Medium/Medium,Normal (185+),Yes,143400000,,"Rushes Out Of Goal, Comes For Crosses, Saves with Feet",,,,,,,18,14,11,61,14,21,18,12,63,30,38,50,37,86,43,66,79,35,78,10,43,22,11,70,25,70,25,13,10,88,85,88,88,90,45,35+3,35+3,35+3,34,38,38,38,34,42+3,42+3,42+3,39+3,45+3,45+3,45+3,39+3,33+3,41+3,41+3,41+3,33+3,31+3,33+3,33+3,33+3,31+3,88+3,https://cdn.sofifa.net/players/192/448/20_120.png,https://cdn.sofifa.net/teams/241/60.png,https://cdn.sofifa.net/flags/es.png,https://cdn.sofifa.net/teams/1337/60.png,https://cdn.sofifa.net/flags/de.png
203376,https://sofifa.com/player/203376/virgil-van-dijk/200002,V. van Dijk,Virgil van Dijk,CB,90,91,78000000.0,200000.0,27,1991-07-08,193,92,9.0,Liverpool,English Premier League,1,LCB,4,,2018-01-01,2023,34,Netherlands,105035.0,LCB,4,Right,3,2,3,Medium/Medium,Normal (185+),Yes,150200000,"#Tackling, #Tactician, #Strength, #Complete Defender","Solid Player, Leadership, Long Passer (AI), Power Header",77,60,70,71,90,86,53,52,86,78,45,70,60,70,81,76,74,79,61,88,53,81,90,75,92,64,82,89,47,65,62,89,91,92,85,13,10,13,11,11,,70+3,70+3,70+3,67,69,69,69,67,70+3,70+3,70+3,70+3,75+3,75+3,75+3,70+3,79+3,84+3,84+3,84+3,79+3,81+3,88+3,88+3,88+3,81+3,20+3,https://cdn.sofifa.net/players/203/376/20_120.png,https://cdn.sofifa.net/teams/9/60.png,https://cdn.sofifa.net/flags/gb-eng.png,https://cdn.sofifa.net/teams/105035/60.png,https://cdn.sofifa.net/flags/nl.png
209331,https://sofifa.com/player/209331/mohamed-salah/200002,M. Salah,Mohamed Salah Ghaly,"RW, ST",90,90,80500000.0,240000.0,27,1992-06-15,175,71,9.0,Liverpool,English Premier League,1,RW,11,,2017-07-01,2023,111,Egypt,111130.0,RW,10,Left,3,4,3,High/Medium,Unique,Yes,148900000,"#Speedster, #Dribbler, #Acrobat, #Clinical Finisher, #Complete Forward","Finesse Shot, Long Shot Taker (AI), Speed Dribbler (AI), Outside Foot Shot, Chip Shot (AI)",93,86,81,89,45,74,79,90,59,84,79,89,83,69,75,89,94,92,91,92,88,80,69,85,73,84,63,55,92,84,77,91,38,43,41,14,14,9,11,14,,85+5,85+5,85+5,88+2,88+2,88+2,88+2,88+2,88+2,88+2,88+2,87+3,82+6,82+6,82+6,87+3,71+6,67+6,67+6,67+6,71+6,67+6,58+6,58+6,58+6,67+6,22+6,https://cdn.sofifa.net/players/209/331/20_120.png,https://cdn.sofifa.net/teams/9/60.png,https://cdn.sofifa.net/flags/gb-eng.png,https://cdn.sofifa.net/teams/111130/60.png,https://cdn.sofifa.net/flags/eg.png
138956,https://sofifa.com/player/138956/giorgio-chiellini/200002,G. Chiellini,Giorgio Chiellini,CB,89,89,24500000.0,210000.0,34,1984-08-14,187,85,45.0,Juventus,Italian Serie A,1,LCB,3,,2005-07-01,2020,27,Italy,1343.0,LCB,3,Left,3,2,4,Medium/High,Normal (185+),Yes,40400000,"#Tackling, #Tactician, #Strength, #Complete Defender","Long Throw-in, Injury Prone, Dives Into Tackles (AI), Power Header",68,46,58,60,90,82,54,33,83,65,45,59,60,31,65,61,61,73,57,82,57,78,89,59,89,49,91,88,28,50,50,84,94,91,89,3,3,2,4,3,,59+3,59+3,59+3,56,56,56,56,56,56+3,56+3,56+3,58+3,62+3,62+3,62+3,58+3,74+3,77+3,77+3,77+3,74+3,77+3,86+3,86+3,86+3,77+3,12+3,https://cdn.sofifa.net/players/138/956/20_120.png,https://cdn.sofifa.net/teams/45/60.png,https://cdn.sofifa.net/flags/it.png,https://cdn.sofifa.net/teams/1343/60.png,https://cdn.sofifa.net/flags/it.png
153079,https://sofifa.com/player/153079/sergio-aguero/200002,S. Agüero,Sergio Leonel Agüero del Castillo,ST,89,89,60000000.0,300000.0,31,1988-06-02,173,70,10.0,Manchester City,English Premier League,1,ST,10,,2011-07-28,2021,52,Argentina,1369.0,ST,9,Right,4,4,4,High/Medium,Stocky (170-185),Yes,111000000,"#Dribbler, #Clinical Finisher, #Complete Forward","Leadership, Chip Shot (AI)",80,90,77,88,33,74,70,93,78,83,85,88,83,73,64,89,82,78,84,92,91,89,81,79,74,84,65,24,93,83,83,90,30,29,24,13,15,6,11,14,,87+2,87+2,87+2,86,88,88,88,86,86+3,86+3,86+3,84+3,77+3,77+3,77+3,84+3,61+3,58+3,58+3,58+3,61+3,57+3,51+3,51+3,51+3,57+3,22+3,https://cdn.sofifa.net/players/153/079/20_120.png,https://cdn.sofifa.net/teams/10/60.png,https://cdn.sofifa.net/flags/gb-eng.png,https://cdn.sofifa.net/teams/1369/60.png,https://cdn.sofifa.net/flags/ar.png
155862,https://sofifa.com/player/155862/sergio-ramos-garcia/200002,Sergio Ramos,Sergio Ramos García,CB,89,89,31500000.0,300000.0,33,1986-03-30,184,82,243.0,Real Madrid CF,Spain Primera Division,1,LCB,4,,2005-08-01,2020,45,Spain,1362.0,RCB,15,Right,3,3,4,High/Medium,Normal (170-185),Yes,64600000,"#Aerial Threat, #Tackling, #Tactician, #Complete Defender","Dives Into Tackles (AI), Leadership, Long Passer (AI), Power Header, Team Player",72,68,75,73,87,85,66,63,92,80,69,65,74,72,83,83,74,71,78,87,66,79,93,80,85,62,90,88,67,71,86,84,85,87,90,11,8,9,7,11,,75+3,75+3,75+3,72,73,73,73,72,74+3,74+3,74+3,74+3,78+3,78+3,78+3,74+3,81+3,84+3,84+3,84+3,81+3,83+3,87+2,87+2,87+2,83+3,18+3,https://cdn.sofifa.net/players/155/862/20_120.png,https://cdn.sofifa.net/teams/243/60.png,https://cdn.sofifa.net/flags/es.png,https://cdn.sofifa.net/teams/1362/60.png,https://cdn.sofifa.net/flags/es.png
176580,https://sofifa.com/player/176580/luis-suarez/200002,L. Suárez,Luis Alberto Suárez Díaz,ST,89,89,53000000.0,350000.0,32,1987-01-24,182,86,241.0,FC Barcelona,Spain Primera Division,1,ST,9,,2014-07-11,2021,60,Uruguay,,,,Right,4,3,5,High/Medium,Normal (170-185),Yes,108700000,"#Distance Shooter, #Strength, #Clinical Finisher, #Complete Forward","Solid Player, Outside Foot Shot",73,89,80,84,51,84,78,91,83,82,90,85,86,82,72,84,76,70,79,92,79,88,69,82,86,86,87,41,92,82,83,85,57,45,38,27,25,31,33,37,,86+3,86+3,86+3,84,85,85,85,84,84+3,84+3,84+3,83+3,79+3,79+3,79+3,83+3,67+3,68+3,68+3,68+3,67+3,64+3,63+3,63+3,63+3,64+3,37+3,https://cdn.sofifa.net/players/176/580/20_120.png,https://cdn.sofifa.net/teams/241/60.png,https://cdn.sofifa.net/flags/es.png,,https://cdn.sofifa.net/flags/uy.png
188545,https://sofifa.com/player/188545/robert-lewandowski/200002,R. Lewandowski,Robert Lewandowski,ST,89,89,64500000.0,230000.0,30,1988-08-21,184,80,21.0,FC Bayern München,German 1. Bundesliga,1,ST,9,,2014-07-01,2021,37,Poland,1353.0,LS,9,Right,4,4,4,High/Medium,Normal (170-185),Yes,106400000,#Clinical Finisher,"Solid Player, Finesse Shot, Outside Foot Shot, Chip Shot (AI)",77,87,74,85,41,82,62,88,85,82,88,85,77,85,65,88,77,77,78,90,82,87,84,78,84,84,81,39,91,77,86,86,34,42,19,15,6,12,8,10,,86+3,86+3,86+3,83,85,85,85,83,83+3,83+3,83+3,81+3,77+3,77+3,77+3,81+3,61+3,63+3,63+3,63+3,61+3,58+3,58+3,58+3,58+3,58+3,19+3,https://cdn.sofifa.net/players/188/545/20_120.png,https://cdn.sofifa.net/teams/21/60.png,https://cdn.sofifa.net/flags/de.png,https://cdn.sofifa.net/teams/1353/60.png,https://cdn.sofifa.net/flags/pl.png
189511,https://sofifa.com/player/189511/sergio-busquets-burgos/200002,Sergio Busquets,Sergio Busquets i Burgos,"CDM, CM",89,89,55000000.0,300000.0,30,1988-07-16,189,76,241.0,FC Barcelona,Spain Primera Division,1,CDM,5,,2008-09-01,2023,45,Spain,1362.0,CDM,5,Right,3,3,4,Medium/Medium,Lean (185+),Yes,112800000,"#Playmaker, #Tactician ",Team Player,42,62,80,80,85,80,62,67,68,89,44,80,66,68,82,88,40,43,67,87,49,61,66,86,77,54,85,89,77,86,60,93,90,86,80,5,8,13,9,13,,71+3,71+3,71+3,73,75,75,75,73,78+3,78+3,78+3,76+3,84+3,84+3,84+3,76+3,79+3,86+3,86+3,86+3,79+3,78+3,82+3,82+3,82+3,78+3,18+3,https://cdn.sofifa.net/players/189/511/20_120.png,https://cdn.sofifa.net/teams/241/60.png,https://cdn.sofifa.net/flags/es.png,https://cdn.sofifa.net/teams/1362/60.png,https://cdn.sofifa.net/flags/es.png
193080,https://sofifa.com/player/193080/david-de-gea-quintana/200002,De Gea,David De Gea Quintana,GK,89,90,56000000.0,200000.0,28,1990-11-07,192,82,11.0,Manchester United,English Premier League,1,GK,1,,2011-07-01,2020,45,Spain,1362.0,GK,1,Right,3,1,4,Medium/Medium,Lean (185+),Yes,110600000,,"GK Long Throw, Cautious With Crosses, Saves with Feet",,,,,,,17,13,21,50,13,18,21,19,47,38,57,58,63,87,43,61,67,43,60,12,38,30,12,65,29,68,25,21,13,90,84,81,85,92,58,35+3,35+3,35+3,36,38,38,38,36,42+3,42+3,42+3,39+3,43+3,43+3,43+3,39+3,36+3,41+3,41+3,41+3,36+3,36+3,35+3,35+3,35+3,36+3,87+3,https://cdn.sofifa.net/players/193/080/20_120.png,https://cdn.sofifa.net/teams/11/60.png,https://cdn.sofifa.net/flags/gb-eng.png,https://cdn.sofifa.net/teams/1362/60.png,https://cdn.sofifa.net/flags/es.png
194765,https://sofifa.com/player/194765/antoine-griezmann/200002,A. Griezmann,Antoine Griezmann,"CF, ST, LW",89,89,69000000.0,370000.0,28,1991-03-21,176,73,241.0,FC Barcelona,Spain Primera Division,1,LW,17,,2019-07-12,2024,18,France,1335.0,CAM,7,Left,3,4,4,High/High,Normal (170-185),Yes,141500000,"#Dribbler, #Engine, #Acrobat, #Clinical Finisher, #Complete Forward","Finesse Shot, Flair, Long Shot Taker (AI), Playmaker (AI), Outside Foot Shot, Chip Shot (AI), Technical Dribbler (AI)",81,86,84,89,57,72,83,89,84,85,87,88,86,85,82,90,82,81,90,92,83,82,89,87,63,83,73,49,90,86,86,89,59,54,49,14,8,14,13,14,,86+3,86+3,86+3,87+2,87+2,87+2,87+2,87+2,87+2,87+2,87+2,87+2,83+6,83+6,83+6,87+2,73+6,71+6,71+6,71+6,73+6,71+6,65+6,65+6,65+6,71+6,21+6,https://cdn.sofifa.net/players/194/765/20_120.png,https://cdn.sofifa.net/teams/241/60.png,https://cdn.sofifa.net/flags/es.png,https://cdn.sofifa.net/teams/1335/60.png,https://cdn.sofifa.net/flags/fr.png
201024,https://sofifa.com/player/201024/kalidou-koulibaly/200002,K. Koulibaly,Kalidou Koulibaly,CB,89,91,67500000.0,145000.0,28,1991-06-20,187,89,48.0,Napoli,Italian Serie A,1,LCB,26,,2014-07-01,2021,136,Senegal,,,,Right,3,2,3,Medium/High,Normal (185+),Yes,119800000,"#Tackling, #Tactician, #Strength, #Complete Defender",Power Header,71,28,54,67,89,87,30,22,83,71,14,69,28,28,63,71,69,73,52,86,41,55,81,73,95,15,87,88,35,52,33,82,91,90,87,7,11,7,13,5,,57+3,57+3,57+3,56,58,58,58,56,59+3,59+3,59+3,60+3,65+3,65+3,65+3,60+3,74+3,80+3,80+3,80+3,74+3,77+3,87+3,87+3,87+3,77+3,17+3,https://cdn.sofifa.net/players/201/024/20_120.png,https://cdn.sofifa.net/teams/48/60.png,https://cdn.sofifa.net/flags/it.png,,https://cdn.sofifa.net/flags/sn.png
202126,https://sofifa.com/player/202126/harry-kane/200002,H. Kane,Harry Kane,ST,89,91,83000000.0,220000.0,25,1993-07-28,188,89,18.0,Tottenham Hotspur,English Premier League,1,ST,10,,2010-07-01,2024,14,England,1318.0,ST,9,Right,4,3,3,High/High,Normal (185+),Yes,159800000,"#Engine, #Distance Shooter, #Clinical Finisher","Leadership, Long Shot Taker (AI), Team Player",70,91,79,81,47,83,75,94,86,81,85,80,78,68,83,84,68,72,71,91,73,90,79,87,84,86,78,35,93,81,90,91,56,36,38,8,10,11,14,11,,87+3,87+3,87+3,82,85,85,85,82,83+3,83+3,83+3,82+3,79+3,79+3,79+3,82+3,65+3,66+3,66+3,66+3,65+3,62+3,61+3,61+3,61+3,62+3,20+3,https://cdn.sofifa.net/players/202/126/20_120.png,https://cdn.sofifa.net/teams/18/60.png,https://cdn.sofifa.net/flags/gb-eng.png,https://cdn.sofifa.net/teams/1318/60.png,https://cdn.sofifa.net/flags/gb-eng.png
212831,https://sofifa.com/player/212831/alisson-ramses-becker/200002,Alisson,Alisson Ramsés Becker,GK,89,91,58000000.0,155000.0,26,1992-10-02,191,91,9.0,Liverpool,English Premier League,1,GK,1,,2018-07-19,2024,54,Brazil,,,,Right,3,1,3,Medium/Medium,Normal (185+),Yes,111700000,,"GK Long Throw, Rushes Out Of Goal",,,,,,,17,13,19,45,20,27,19,18,44,30,56,47,40,88,37,64,52,32,78,14,27,11,13,66,23,65,15,19,16,85,84,85,90,89,51,36+3,36+3,36+3,35,38,38,38,35,40+3,40+3,40+3,38+3,40+3,40+3,40+3,38+3,31+3,35+3,35+3,35+3,31+3,30+3,30+3,30+3,30+3,30+3,87+3,https://cdn.sofifa.net/players/212/831/20_120.png,https://cdn.sofifa.net/teams/9/60.png,https://cdn.sofifa.net/flags/gb-eng.png,,https://cdn.sofifa.net/flags/br.png
215914,https://sofifa.com/player/215914/ngolo-kante/200002,N. Kanté,N'Golo Kanté,"CDM, CM",89,90,66000000.0,230000.0,28,1991-03-29,168,72,5.0,Chelsea,English Premier League,1,RCM,7,,2016-07-16,2023,18,France,1335.0,LDM,13,Right,3,2,3,Medium/High,Normal (170-),Yes,130400000,"#Tackling, #Tactician ",Solid Player,78,65,77,81,87,83,68,65,54,86,56,79,49,49,81,80,79,77,82,93,92,71,77,97,73,63,90,92,72,79,54,85,90,91,85,15,12,10,7,10,,73+3,73+3,73+3,77,77,77,77,77,79+3,79+3,79+3,79+3,83+3,83+3,83+3,79+3,85+3,87+3,87+3,87+3,85+3,85+3,84+3,84+3,84+3,85+3,20+3,https://cdn.sofifa.net/players/215/914/20_120.png,https://cdn.sofifa.net/teams/5/60.png,https://cdn.sofifa.net/flags/gb-eng.png,https://cdn.sofifa.net/teams/1335/60.png,https://cdn.sofifa.net/flags/fr.png
231747,https://sofifa.com/player/231747/kylian-mbappe/200002,K. Mbappé,Kylian Mbappé Lottin,"ST, RW",89,95,93500000.0,150000.0,20,1998-12-20,178,73,73.0,Paris Saint-Germain,French Ligue 1,1,RW,7,,2018-07-01,2022,18,France,1335.0,RM,10,Right,4,5,3,High/Low,Normal (170-185),Yes,191700000,"#Speedster, #Dribbler, #Acrobat","Finesse Shot, Flair, Speed Dribbler (AI), Outside Foot Shot, Technical Dribbler (AI)",96,84,78,90,39,75,78,89,77,82,79,91,79,63,70,90,96,96,92,89,83,83,76,84,76,79,62,38,89,80,70,84,34,34,32,13,5,7,11,6,,87+3,87+3,87+3,88,88,88,88,88,86+3,86+3,86+3,87+3,78+3,78+3,78+3,87+3,67+3,62+3,62+3,62+3,67+3,63+3,55+3,55+3,55+3,63+3,17+3,https://cdn.sofifa.net/players/231/747/20_120.png,https://cdn.sofifa.net/teams/73/60.png,https://cdn.sofifa.net/flags/fr.png,https://cdn.sofifa.net/teams/1335/60.png,https://cdn.sofifa.net/flags/fr.png
152729,https://sofifa.com/player/152729/gerard-pique-bernabeu/200002,Piqué,Gerard Piqué Bernabéu,CB,88,88,38000000.0,280000.0,32,1987-02-02,194,85,241.0,FC Barcelona,Spain Primera Division,1,RCB,3,,2008-07-01,2022,45,Spain,,,,Right,3,2,4,High/Medium,Normal (185+),Yes,77900000,"#Aerial Threat, #Tackling, #Tactician, #Strength, #Complete Defender",Leadership,56,61,72,68,88,80,57,65,85,83,57,63,58,43,81,82,48,63,57,85,36,62,75,70,87,51,76,89,64,72,69,87,89,88,87,10,11,14,15,8,,70+3,70+3,70+3,68,70,70,70,68,71+3,71+3,71+3,70+3,77+3,77+3,77+3,70+3,77+3,84+3,84+3,84+3,77+3,79+3,85+3,85+3,85+3,79+3,19+3,https://cdn.sofifa.net/players/152/729/20_120.png,https://cdn.sofifa.net/teams/241/60.png,https://cdn.sofifa.net/flags/es.png,,https://cdn.sofifa.net/flags/es.png
162835,https://sofifa.com/player/162835/samir-handanovic/200002,S. Handanovič,Samir Handanovič,GK,88,88,26000000.0,110000.0,34,1984-07-14,193,92,44.0,Inter,Italian Serie A,1,GK,1,,2012-07-01,2021,44,Slovenia,,,,Right,2,1,3,Medium/Medium,Normal (185+),Yes,44200000,,"GK Long Throw, Team Player",,,,,,,12,10,10,36,12,12,12,14,34,16,51,55,47,83,36,52,78,41,71,19,25,22,12,41,23,69,25,10,13,88,85,69,89,89,53,30+3,30+3,30+3,28,30,30,30,28,30+3,30+3,30+3,30+3,31+3,31+3,31+3,30+3,30+3,31+3,31+3,31+3,30+3,29+3,29+3,29+3,29+3,29+3,86+2,https://cdn.sofifa.net/players/162/835/20_120.png,https://cdn.sofifa.net/teams/44/60.png,https://cdn.sofifa.net/flags/it.png,,https://cdn.sofifa.net/flags/si.png
167495,https://sofifa.com/player/167495/manuel-neuer/200002,M. Neuer,Manuel Peter Neuer,GK,88,88,32000000.0,155000.0,33,1986-03-27,193,92,21.0,FC Bayern München,German 1. Bundesliga,1,GK,1,,2011-07-01,2021,21,Germany,1337.0,GK,1,Right,4,1,5,Medium/Medium,Normal (185+),Yes,52800000,,"Injury Prone, GK Long Throw, Rushes Out Of Goal, Comes For Crosses",,,,,,,15,13,25,55,11,30,14,11,59,46,54,60,51,84,35,68,77,43,80,16,29,30,12,70,47,70,17,10,11,87,87,91,85,87,57,39+3,39+3,39+3,40,42,42,42,40,46+3,46+3,46+3,43+3,48+3,48+3,48+3,43+3,36+3,42+3,42+3,42+3,36+3,34+3,34+3,34+3,34+3,34+3,86+2,https://cdn.sofifa.net/players/167/495/20_120.png,https://cdn.sofifa.net/teams/21/60.png,https://cdn.sofifa.net/flags/de.png,https://cdn.sofifa.net/teams/1337/60.png,https://cdn.sofifa.net/flags/de.png
167948,https://sofifa.com/player/167948/hugo-lloris/200002,H. Lloris,Hugo Lloris,GK,88,88,36000000.0,150000.0,32,1986-12-26,188,82,18.0,Tottenham Hotspur,English Premier League,1,GK,1,,2012-08-31,2022,18,France,1335.0,GK,1,Left,1,1,4,Medium/Medium,Lean (185+),Yes,66600000,,"Rushes Out Of Goal, Comes For Crosses",,,,,,,13,10,10,50,11,10,11,10,50,34,65,62,55,86,54,51,74,41,43,14,31,27,10,30,40,65,29,10,18,89,82,68,84,91,63,31+3,31+3,31+3,32,33,33,33,32,35+3,35+3,35+3,35+3,37+3,37+3,37+3,35+3,35+3,37+3,37+3,37+3,35+3,34+3,30+3,30+3,30+3,34+3,86+2,https://cdn.sofifa.net/players/167/948/20_120.png,https://cdn.sofifa.net/teams/18/60.png,https://cdn.sofifa.net/flags/gb-eng.png,https://cdn.sofifa.net/teams/1335/60.png,https://cdn.sofifa.net/flags/fr.png
168542,https://sofifa.com/player/168542/david-josue-jimenez-silva/200002,David Silva,David Josué Jiménez Silva,"CAM, CM",88,88,36000000.0,260000.0,33,1986-01-08,173,67,10.0,Manchester City,English Premier League,1,LCM,21,,2010-07-14,2020,45,Spain,,,,Left,2,4,4,High/Medium,Normal (170-185),Yes,66600000,"#Dribbler, #Playmaker, #Acrobat, #Complete Midfielder","Finesse Shot, Flair, Playmaker (AI)",65,74,88,89,52,57,84,72,54,92,82,87,82,77,84,92,69,61,87,89,88,72,64,73,48,73,57,50,88,91,75,92,59,53,29,6,15,7,6,12,,76+3,76+3,76+3,83,83,83,83,83,86+2,86+2,86+2,84+3,84+3,84+3,84+3,84+3,69+3,70+3,70+3,70+3,69+3,64+3,57+3,57+3,57+3,64+3,18+3,https://cdn.sofifa.net/players/168/542/20_120.png,https://cdn.sofifa.net/teams/10/60.png,https://cdn.sofifa.net/flags/gb-eng.png,,https://cdn.sofifa.net/flags/es.png
179813,https://sofifa.com/player/179813/edinson-cavani/200002,E. Cavani,Edinson Roberto Cavani Gómez,ST,88,88,47000000.0,190000.0,32,1987-02-14,185,77,73.0,Paris Saint-Germain,French Ligue 1,1,ST,9,,2013-07-16,2020,60,Uruguay,,,,Right,4,3,4,High/High,Lean (185+),Yes,87000000,#Engine,Power Header,75,86,72,79,55,83,70,88,89,78,90,79,77,76,52,81,74,76,74,91,59,88,88,91,79,79,84,54,93,77,85,80,57,48,39,12,5,13,13,10,,85+3,85+3,85+3,81,83,83,83,81,80+3,80+3,80+3,79+3,75+3,75+3,75+3,79+3,68+3,67+3,67+3,67+3,68+3,66+3,66+3,66+3,66+3,66+3,19+3,https://cdn.sofifa.net/players/179/813/20_120.png,https://cdn.sofifa.net/teams/73/60.png,https://cdn.sofifa.net/flags/fr.png,,https://cdn.sofifa.net/flags/uy.png
182493,https://sofifa.com/player/182493/diego-godin/200002,D. Godín,Diego Roberto Godín Leal,CB,88,88,28000000.0,135000.0,33,1986-02-16,187,78,44.0,Inter,Italian Serie A,1,RCB,2,,2019-07-01,2022,60,Uruguay,,,,Right,3,2,3,Medium/High,Lean (185+),Yes,47600000,"#Tackling, #Tactician ","Dives Into Tackles (AI), Power Header",60,48,64,61,89,83,52,42,88,79,47,53,49,49,70,74,61,60,57,81,53,67,90,65,89,43,88,87,48,52,50,82,90,89,87,6,8,15,5,15,,63+3,63+3,63+3,59,61,61,61,59,62+3,62+3,62+3,62+3,68+3,68+3,68+3,62+3,75+3,80+3,80+3,80+3,75+3,77+3,86+2,86+2,86+2,77+3,17+3,https://cdn.sofifa.net/players/182/493/20_120.png,https://cdn.sofifa.net/teams/44/60.png,https://cdn.sofifa.net/flags/it.png,,https://cdn.sofifa.net/flags/uy.png
182521,https://sofifa.com/player/182521/toni-kroos/200002,T. Kroos,Toni Kroos,CM,88,88,57000000.0,330000.0,29,1990-01-04,183,76,243.0,Real Madrid CF,Spain Primera Division,1,LCM,8,,2014-07-17,2023,21,Germany,1337.0,SUB,8,Right,5,3,4,Medium/Medium,Normal (170-185),Yes,116900000,"#Playmaker, #Crosser, #Complete Midfielder","Long Shot Taker (AI), Playmaker (AI), Technical Dribbler (AI)",45,80,90,81,70,69,88,75,58,91,82,80,86,84,92,89,50,41,60,87,71,87,30,74,73,86,60,76,75,89,73,88,72,70,62,10,11,13,7,10,,76+3,76+3,76+3,78,79,79,79,78,82+3,82+3,82+3,79+3,85+3,85+3,85+3,79+3,75+3,79+3,79+3,79+3,75+3,72+3,70+3,70+3,70+3,72+3,18+3,https://cdn.sofifa.net/players/182/521/20_120.png,https://cdn.sofifa.net/teams/243/60.png,https://cdn.sofifa.net/flags/es.png,https://cdn.sofifa.net/teams/1337/60.png,https://cdn.sofifa.net/flags/de.png
188350,https://sofifa.com/player/188350/marco-reus/200002,M. Reus,Marco Reus,"CAM, LM, ST",88,88,56000000.0,165000.0,30,1989-05-31,180,71,22.0,Borussia Dortmund,German 1. Bundesliga,1,CAM,11,,2012-07-01,2023,21,Germany,1337.0,ST,11,Right,4,4,4,High/Medium,Lean (170-185),Yes,92400000,"#Dribbler, #Playmaker, #Distance Shooter, #FK Specialist, #Acrobat, #Clinical Finisher, #Complete Midfielder, #Complete Forward","Injury Prone, Leadership, Finesse Shot, Long Shot Taker (AI), Speed Dribbler (AI), Playmaker (AI), Outside Foot Shot",85,88,84,87,45,66,82,87,49,86,90,87,89,86,77,88,85,85,86,87,84,88,71,76,67,87,51,48,89,86,90,85,49,37,45,12,12,13,13,11,,82+3,82+3,82+3,86,86,86,86,86,86+2,86+2,86+2,85+3,81+3,81+3,81+3,85+3,69+3,66+3,66+3,66+3,69+3,65+3,55+3,55+3,55+3,65+3,20+3,https://cdn.sofifa.net/players/188/350/20_120.png,https://cdn.sofifa.net/teams/22/60.png,https://cdn.sofifa.net/flags/de.png,https://cdn.sofifa.net/teams/1337/60.png,https://cdn.sofifa.net/flags/de.png
188567,https://sofifa.com/player/188567/pierre-emerick-aubameyang/200002,P. Aubameyang,Pierre-Emerick Emiliano François Aubameyang,"ST, LM",88,88,57000000.0,200000.0,30,1989-06-18,187,80,1.0,Arsenal,English Premier League,1,LM,14,,2018-01-31,2021,115,Gabon,,,,Right,4,4,3,Medium/Low,Lean (185+),Yes,108300000,"#Poacher, #Speedster, #Complete Forward","Solid Player, Finesse Shot, Speed Dribbler (AI), Outside Foot Shot, Chip Shot (AI)",94,85,75,80,37,69,76,89,78,77,86,79,80,74,64,82,93,95,76,87,69,82,79,78,74,79,43,48,90,77,76,85,27,25,36,6,9,15,9,9,,85+3,85+3,85+3,83,84,84,84,83,81+3,81+3,81+3,82+3,74+3,74+3,74+3,82+3,64+3,58+3,58+3,58+3,64+3,61+3,52+3,52+3,52+3,61+3,17+3,https://cdn.sofifa.net/players/188/567/20_120.png,https://cdn.sofifa.net/teams/1/60.png,https://cdn.sofifa.net/flags/gb-eng.png,,https://cdn.sofifa.net/flags/ga.png
190460,https://sofifa.com/player/190460/christian-eriksen/200002,C. Eriksen,Christian Dannemann Eriksen,"CAM, CM",88,89,68000000.0,200000.0,27,1992-02-14,181,76,18.0,Tottenham Hotspur,English Premier League,1,RM,23,,2013-08-30,2020,13,Denmark,1331.0,CAM,10,Right,5,4,3,High/High,Lean (170-185),Yes,130900000,"#Playmaker, #Engine, #Crosser, #FK Specialist, #Complete Midfielder","Flair, Long Shot Taker (AI), Playmaker (AI)",73,81,90,84,53,63,88,77,52,91,80,81,89,86,89,91,75,71,79,88,80,84,50,93,57,89,46,56,85,92,67,88,59,57,22,9,14,7,7,6,,79+3,79+3,79+3,84,84,84,84,84,86+3,86+3,86+3,85+3,86+3,86+3,86+3,85+3,72+3,72+3,72+3,72+3,72+3,67+3,57+3,57+3,57+3,67+3,18+3,https://cdn.sofifa.net/players/190/460/20_120.png,https://cdn.sofifa.net/teams/18/60.png,https://cdn.sofifa.net/flags/gb-eng.png,https://cdn.sofifa.net/teams/1331/60.png,https://cdn.sofifa.net/flags/dk.png
192119,https://sofifa.com/player/192119/thibaut-courtois/200002,T. Courtois,Thibaut Courtois,GK,88,89,48000000.0,230000.0,27,1992-05-11,199,96,243.0,Real Madrid CF,Spain Primera Division,1,GK,13,,2018-08-09,2024,7,Belgium,1325.0,GK,1,Left,2,1,4,Medium/Medium,Unique,Yes,102000000,,"GK Long Throw, Comes For Crosses",,,,,,,14,14,13,33,12,13,19,20,35,23,46,52,61,83,45,54,68,38,70,17,23,15,13,44,27,66,20,18,16,85,89,72,85,87,49,31+3,31+3,31+3,29,31,31,31,29,32+3,32+3,32+3,31+3,32+3,32+3,32+3,31+3,29+3,31+3,31+3,31+3,29+3,29+3,29+3,29+3,29+3,29+3,85+3,https://cdn.sofifa.net/players/192/119/20_120.png,https://cdn.sofifa.net/teams/243/60.png,https://cdn.sofifa.net/flags/es.png,https://cdn.sofifa.net/teams/1325/60.png,https://cdn.sofifa.net/flags/be.png
195864,https://sofifa.com/player/195864/paul-pogba/200002,P. Pogba,Paul Pogba,"CM, CDM",88,91,72500000.0,250000.0,26,1993-03-15,191,84,11.0,Manchester United,English Premier League,1,LDM,6,,2016-08-09,2021,18,France,1335.0,RDM,6,Right,4,5,4,High/Medium,Normal (185+),Yes,143200000,"#Dribbler, #Playmaker, #Strength, #Complete Midfielder","Flair, Long Passer (AI), Long Shot Taker (AI), Playmaker (AI), Technical Dribbler (AI)",74,81,86,85,66,86,80,75,75,86,84,87,85,82,90,90,67,79,75,82,66,90,82,87,89,82,78,64,83,88,83,87,63,67,65,5,6,2,4,3,,82+3,82+3,82+3,82,83,83,83,82,84+3,84+3,84+3,84+3,85+3,85+3,85+3,84+3,76+3,78+3,78+3,78+3,76+3,74+3,73+3,73+3,73+3,74+3,13+3,https://cdn.sofifa.net/players/195/864/20_120.png,https://cdn.sofifa.net/teams/11/60.png,https://cdn.sofifa.net/flags/gb-eng.png,https://cdn.sofifa.net/teams/1335/60.png,https://cdn.sofifa.net/flags/fr.png
202652,https://sofifa.com/player/202652/raheem-sterling/200002,R. Sterling,Raheem Sterling,"RW, LW",88,90,73000000.0,250000.0,24,1994-12-08,170,69,10.0,Manchester City,English Premier League,1,LW,7,,2015-07-14,2023,14,England,1318.0,LW,10,Right,3,4,3,High/Medium,Lean (170-),Yes,140500000,"#Speedster, #Dribbler, #Acrobat","Flair, Speed Dribbler (AI)",93,79,78,89,45,57,78,83,38,84,67,89,75,63,69,88,96,91,94,89,94,76,57,79,54,77,38,30,91,79,69,79,47,53,47,15,12,12,15,9,,79+4,79+4,79+4,87+1,86+1,86+1,86+1,87+1,86+4,86+4,86+4,85+4,78+4,78+4,78+4,85+4,69+4,63+4,63+4,63+4,69+4,65+4,52+4,52+4,52+4,65+4,21+4,https://cdn.sofifa.net/players/202/652/20_120.png,https://cdn.sofifa.net/teams/10/60.png,https://cdn.sofifa.net/flags/gb-eng.png,https://cdn.sofifa.net/teams/1318/60.png,https://cdn.sofifa.net/flags/gb-eng.png
208722,https://sofifa.com/player/208722/sadio-mane/200002,S. Mané,Sadio Mané,"LW, LM",88,88,62000000.0,220000.0,27,1992-04-10,175,69,9.0,Liverpool,English Premier League,1,LW,10,,2016-07-01,2023,136,Senegal,,,,Right,4,4,3,High/Medium,Normal (170-185),Yes,114700000,"#Speedster, #Dribbler, #Acrobat","Flair, Speed Dribbler (AI)",94,83,77,89,44,74,74,87,81,81,75,89,76,64,71,87,95,93,92,90,86,84,86,85,67,77,75,35,90,83,71,84,42,42,38,10,10,15,7,14,,86+2,86+2,86+2,87+1,87+1,87+1,87+1,87+1,86+2,86+2,86+2,86+2,79+4,79+4,79+4,86+2,67+4,64+4,64+4,64+4,67+4,64+4,58+4,58+4,58+4,64+4,19+4,https://cdn.sofifa.net/players/208/722/20_120.png,https://cdn.sofifa.net/teams/9/60.png,https://cdn.sofifa.net/flags/gb-eng.png,,https://cdn.sofifa.net/flags/sn.png
210257,https://sofifa.com/player/210257/ederson-santana-de-moraes/200002,Ederson,Ederson Santana de Moraes,GK,88,91,54500000.0,185000.0,25,1993-08-17,188,86,10.0,Manchester City,English Premier League,1,GK,31,,2017-07-01,2024,54,Brazil,,,,Left,3,1,2,Medium/Medium,Normal (185+),Yes,104900000,,"Long Passer (AI), Rushes Out Of Goal, Comes For Crosses",,,,,,,20,14,14,56,18,23,15,20,58,40,64,63,60,87,48,70,66,41,68,18,38,27,20,70,17,70,29,15,8,86,82,93,86,88,63,39+2,39+2,39+2,40,43,43,43,40,46+2,46+2,46+2,43+2,47+2,47+2,47+2,43+2,37+2,42+2,42+2,42+2,37+2,35+2,34+2,34+2,34+2,35+2,86+2,https://cdn.sofifa.net/players/210/257/20_120.png,https://cdn.sofifa.net/teams/10/60.png,https://cdn.sofifa.net/flags/gb-eng.png,,https://cdn.sofifa.net/flags/br.png
211110,https://sofifa.com/player/211110/paulo-dybala/200002,P. Dybala,Paulo Bruno Exequiel Dybala,"CAM, RW",88,92,76500000.0,210000.0,25,1993-11-15,177,75,45.0,Juventus,Italian Serie A,1,RW,10,,2015-07-01,2022,52,Argentina,1369.0,CF,21,Left,3,4,3,Medium/Medium,Normal (170-185),Yes,132000000,"#Dribbler, #Playmaker, #FK Specialist, #Acrobat, #Complete Midfielder","Finesse Shot, Flair, Playmaker (AI), Outside Foot Shot, Technical Dribbler (AI)",83,82,84,90,43,64,82,80,64,87,88,90,88,88,75,93,86,81,91,84,85,80,75,79,61,86,48,42,80,87,86,84,32,48,40,5,4,4,5,8,,81+4,81+4,81+4,86+1,85+1,85+1,85+1,86+1,86+4,86+4,86+4,85+4,81+4,81+4,81+4,85+4,68+4,64+4,64+4,64+4,68+4,64+4,54+4,54+4,54+4,64+4,14+4,https://cdn.sofifa.net/players/211/110/20_120.png,https://cdn.sofifa.net/teams/45/60.png,https://cdn.sofifa.net/flags/it.png,https://cdn.sofifa.net/teams/1369/60.png,https://cdn.sofifa.net/flags/ar.png
135507,https://sofifa.com/player/135507/fernando-luiz-rosa/200002,Fernandinho,Fernando Luiz Rosa,CDM,87,87,19500000.0,200000.0,34,1985-05-04,179,67,10.0,Manchester City,English Premier League,1,CDM,25,,2013-07-01,2020,54,Brazil,,,,Right,4,3,3,Medium/High,Lean (170-185),Yes,36100000,#Tactician ,Long Shot Taker (AI),66,74,79,78,84,79,68,69,66,86,74,77,70,72,83,82,68,64,69,89,77,83,78,79,76,78,87,89,70,78,61,81,87,86,80,12,11,5,13,7,,75+3,75+3,75+3,76,77,77,77,76,78+3,78+3,78+3,77+3,82+3,82+3,82+3,77+3,80+3,85+2,85+2,85+2,80+3,80+3,82+3,82+3,82+3,80+3,19+3,https://cdn.sofifa.net/players/135/507/20_120.png,https://cdn.sofifa.net/teams/10/60.png,https://cdn.sofifa.net/flags/gb-eng.png,,https://cdn.sofifa.net/flags/br.png
164240,https://sofifa.com/player/164240/thiago-emiliano-da-silva/200002,Thiago Silva,Thiago Emiliano da Silva,CB,87,87,18500000.0,135000.0,34,1984-09-22,183,82,73.0,Paris Saint-Germain,French Ligue 1,1,LCB,2,,2012-07-01,2020,54,Brazil,,,,Right,3,2,4,Medium/High,Normal (170-185),Yes,34200000,"#Tackling, #Tactician ","Leadership, Power Header",62,54,72,72,87,78,60,40,81,80,61,67,62,61,80,80,60,64,67,82,67,71,90,71,81,65,76,90,59,70,60,86,88,88,85,9,12,5,9,10,,66+3,66+3,66+3,66,68,68,68,66,70+3,70+3,70+3,69+3,76+3,76+3,76+3,69+3,78+3,82+3,82+3,82+3,78+3,79+3,84+3,84+3,84+3,79+3,18+3,https://cdn.sofifa.net/players/164/240/20_120.png,https://cdn.sofifa.net/teams/73/60.png,https://cdn.sofifa.net/flags/fr.png,,https://cdn.sofifa.net/flags/br.png
165153,https://sofifa.com/player/165153/karim-benzema/200002,K. Benzema,Karim Benzema,"CF, ST",87,87,45000000.0,280000.0,31,1987-12-19,185,81,243.0,Real Madrid CF,Spain Primera Division,1,CF,9,,2009-07-09,2021,18,France,,,,Right,4,4,4,Medium/Low,Normal (170-185),Yes,92300000,,"Playmaker (AI), Outside Foot Shot, Team Player",76,82,80,86,39,77,75,84,83,85,83,86,81,73,72,90,78,74,78,85,69,82,77,79,80,76,65,39,88,86,82,87,47,24,18,13,11,5,5,7,,84+3,84+3,84+3,83+3,85+2,85+2,85+2,83+3,84+3,84+3,84+3,83+4,78+6,78+6,78+6,83+4,62+6,62+6,62+6,62+6,62+6,58+6,54+6,54+6,54+6,58+6,17+6,https://cdn.sofifa.net/players/165/153/20_120.png,https://cdn.sofifa.net/teams/243/60.png,https://cdn.sofifa.net/flags/es.png,,https://cdn.sofifa.net/flags/fr.png
172871,https://sofifa.com/player/172871/jan-vertonghen/200002,J. Vertonghen,Jan Vertonghen,CB,87,87,32500000.0,155000.0,32,1987-04-24,189,86,18.0,Tottenham Hotspur,English Premier League,1,LCB,5,,2012-07-01,2020,7,Belgium,1325.0,LCB,5,Left,3,3,3,High/High,Normal (185+),Yes,60100000,"#Tackling, #Tactician ","Power Free-Kick, Leadership",63,63,74,72,87,79,72,56,80,79,52,71,66,70,74,77,60,65,60,85,60,80,85,75,79,66,84,89,56,68,66,84,89,87,88,6,10,9,12,7,,69+3,69+3,69+3,69,70,70,70,69,70+3,70+3,70+3,71+3,75+3,75+3,75+3,71+3,80+3,82+3,82+3,82+3,80+3,81+3,85+2,85+2,85+2,81+3,17+3,https://cdn.sofifa.net/players/172/871/20_120.png,https://cdn.sofifa.net/teams/18/60.png,https://cdn.sofifa.net/flags/gb-eng.png,https://cdn.sofifa.net/teams/1325/60.png,https://cdn.sofifa.net/flags/be.png
175943,https://sofifa.com/player/175943/dries-mertens/200002,D. Mertens,Dries Mertens,"CF, ST",87,87,40000000.0,135000.0,32,1987-05-06,169,61,48.0,Napoli,Italian Serie A,1,SUB,14,,2013-07-01,2020,7,Belgium,1325.0,RF,14,Right,4,4,3,High/Low,Normal (170-),Yes,68000000,"#Dribbler, #Acrobat, #Clinical Finisher, #Complete Forward","Finesse Shot, Flair, Long Shot Taker (AI), Outside Foot Shot, Technical Dribbler (AI)",88,83,80,91,35,53,79,86,40,82,70,91,82,79,74,89,93,83,94,88,92,80,59,73,39,81,59,36,87,83,79,81,25,40,40,7,10,8,10,4,,79+4,79+4,79+4,87,86+1,86+1,86+1,87,86+1,86+1,86+1,85+2,79+4,79+4,79+4,85+2,65+4,60+4,60+4,60+4,65+4,60+4,47+4,47+4,47+4,60+4,17+4,https://cdn.sofifa.net/players/175/943/20_120.png,https://cdn.sofifa.net/teams/48/60.png,https://cdn.sofifa.net/flags/it.png,https://cdn.sofifa.net/teams/1325/60.png,https://cdn.sofifa.net/flags/be.png
178603,https://sofifa.com/player/178603/mats-hummels/200002,M. Hummels,Mats Hummels,CB,87,87,41000000.0,125000.0,30,1988-12-16,191,94,22.0,Borussia Dortmund,German 1. Bundesliga,1,LCB,15,,2019-07-01,2022,21,Germany,,,,Right,3,3,4,High/Medium,Normal (185+),Yes,67700000,"#Tackling, #Tactician ","Leadership, Long Passer (AI), Playmaker (AI), Power Header, Outside Foot Shot",51,58,76,72,89,76,64,55,87,81,60,68,65,53,85,81,46,55,64,87,59,71,68,65,85,51,71,89,56,79,68,89,90,89,86,15,6,10,5,6,,68+3,68+3,68+3,67,69,69,69,67,71+3,71+3,71+3,69+3,77+3,77+3,77+3,69+3,77+3,84+3,84+3,84+3,77+3,79+3,85+2,85+2,85+2,79+3,17+3,https://cdn.sofifa.net/players/178/603/20_120.png,https://cdn.sofifa.net/teams/22/60.png,https://cdn.sofifa.net/flags/de.png,,https://cdn.sofifa.net/flags/de.png
184087,https://sofifa.com/player/184087/toby-alderweireld/200002,T. Alderweireld,Toby Alderweireld,CB,87,87,41000000.0,155000.0,30,1989-03-02,186,81,18.0,Tottenham Hotspur,English Premier League,1,RCB,4,,2015-07-08,2020,7,Belgium,1325.0,RCB,2,Right,3,2,3,Medium/Medium,Normal (185+),Yes,75900000,"#Tackling, #Tactician ",Long Passer (AI),64,55,72,66,88,79,64,45,82,79,38,62,63,69,85,75,61,66,59,87,50,78,84,78,79,58,81,88,54,62,58,86,90,90,86,16,6,14,16,14,,66+3,66+3,66+3,65,66,66,66,65,67+3,67+3,67+3,68+3,74+3,74+3,74+3,68+3,79+3,83+3,83+3,83+3,79+3,80+3,85+2,85+2,85+2,80+3,21+3,https://cdn.sofifa.net/players/184/087/20_120.png,https://cdn.sofifa.net/teams/18/60.png,https://cdn.sofifa.net/flags/gb-eng.png,https://cdn.sofifa.net/teams/1325/60.png,https://cdn.sofifa.net/flags/be.png
189332,https://sofifa.com/player/189332/jordi-alba-ramos/200002,Jordi Alba,Jordi Alba Ramos,LB,87,87,40000000.0,240000.0,30,1989-03-21,170,68,241.0,FC Barcelona,Spain Primera Division,1,LB,18,,2012-07-01,2024,45,Spain,1362.0,LB,18,Left,3,3,3,High/Medium,Normal (170-),Yes,82000000,"#Speedster, #Crosser, #Acrobat",,90,69,81,83,79,73,87,73,70,84,60,81,80,63,79,85,91,90,89,85,85,64,81,92,61,66,77,83,83,78,59,82,74,83,84,13,15,13,6,13,,77+3,77+3,77+3,83,81,81,81,83,82+3,82+3,82+3,84+3,82+3,82+3,82+3,84+3,85+2,81+3,81+3,81+3,85+2,84+3,78+3,78+3,78+3,84+3,20+3,https://cdn.sofifa.net/players/189/332/20_120.png,https://cdn.sofifa.net/teams/241/60.png,https://cdn.sofifa.net/flags/es.png,https://cdn.sofifa.net/teams/1362/60.png,https://cdn.sofifa.net/flags/es.png
189509,https://sofifa.com/player/189509/thiago-alcantara/200002,Thiago,Thiago Alcântara do Nascimento,"CM, CAM, CDM",87,87,50000000.0,180000.0,28,1991-04-11,174,70,21.0,FC Bayern München,German 1. Bundesliga,1,CDM,6,,2013-07-14,2021,45,Spain,1362.0,RCM,10,Right,3,5,3,Medium/Medium,Normal (170-185),Yes,82500000,"#Dribbler, #Playmaker, #Acrobat, #Complete Midfielder","Injury Prone, Dives Into Tackles (AI), Flair, Outside Foot Shot, Technical Dribbler (AI)",69,74,85,90,69,63,78,69,54,90,86,90,85,77,87,91,76,64,91,86,88,76,76,75,59,79,56,83,79,86,75,87,67,67,71,6,11,7,9,13,,76+3,76+3,76+3,83,82,82,82,83,85+2,85+2,85+2,83+3,85+2,85+2,85+2,83+3,78+3,79+3,79+3,79+3,78+3,76+3,70+3,70+3,70+3,76+3,18+3,https://cdn.sofifa.net/players/189/509/20_120.png,https://cdn.sofifa.net/teams/21/60.png,https://cdn.sofifa.net/flags/de.png,https://cdn.sofifa.net/teams/1362/60.png,https://cdn.sofifa.net/flags/es.png
193041,https://sofifa.com/player/193041/keylor-navas/200002,K. Navas,Keylor Navas Gamboa,GK,87,87,30500000.0,190000.0,32,1986-12-15,185,80,243.0,Real Madrid CF,Spain Primera Division,1,SUB,1,,2014-08-03,2020,72,Costa Rica,,,,Right,3,1,3,Medium/Medium,Normal (185+),Yes,62500000,,"GK Long Throw, Cautious With Crosses",,,,,,,11,15,11,30,11,16,11,15,37,19,54,53,60,84,61,56,74,39,75,13,32,20,16,68,25,67,28,14,14,90,81,75,82,90,53,32+3,32+3,32+3,31,33,33,33,31,35+3,35+3,35+3,33+3,35+3,35+3,35+3,33+3,29+3,33+3,33+3,33+3,29+3,29+3,31+3,31+3,31+3,29+3,85+2,https://cdn.sofifa.net/players/193/041/20_120.png,https://cdn.sofifa.net/teams/243/60.png,https://cdn.sofifa.net/flags/es.png,,https://cdn.sofifa.net/flags/cr.png
198219,https://sofifa.com/player/198219/lorenzo-insigne/200002,L. Insigne,Lorenzo Insigne,"CF, LW, ST",87,87,52000000.0,140000.0,28,1991-06-04,163,59,48.0,Napoli,Italian Serie A,1,LS,24,,2010-07-01,2022,27,Italy,1343.0,LW,10,Right,4,4,3,High/Medium,Normal (170-),Yes,88400000,"#Dribbler, #Crosser, #Acrobat","Finesse Shot, Long Shot Taker (AI), Speed Dribbler (AI)",89,79,85,91,35,47,86,77,59,87,74,90,87,77,78,93,94,85,94,84,93,79,52,72,40,85,34,26,85,89,68,83,49,24,22,8,4,14,9,10,,79+4,79+4,79+4,87,86+1,86+1,86+1,87,87,87,87,86+1,79+4,79+4,79+4,86+1,64+4,58+4,58+4,58+4,64+4,59+4,44+4,44+4,44+4,59+4,16+4,https://cdn.sofifa.net/players/198/219/20_120.png,https://cdn.sofifa.net/teams/48/60.png,https://cdn.sofifa.net/flags/it.png,https://cdn.sofifa.net/teams/1343/60.png,https://cdn.sofifa.net/flags/it.png
200104,https://sofifa.com/player/200104/heung-min-son/200002,H. Son,손흥민 孙兴慜,"CF, LM",87,88,60000000.0,180000.0,26,1992-07-08,183,78,18.0,Tottenham Hotspur,English Premier League,1,LM,7,,2015-08-28,2023,167,Korea Republic,,,,Right,5,4,3,High/High,Lean (170-185),Yes,115500000,"#Dribbler, #Engine, #Distance Shooter, #Acrobat, #Clinical Finisher, #Complete Forward","Solid Player, Finesse Shot, Long Shot Taker (AI), Speed Dribbler (AI)",88,86,80,87,42,68,81,86,65,83,81,88,85,70,70,87,86,89,86,89,76,88,63,87,62,90,60,39,88,81,71,87,48,34,33,11,13,13,6,10,,84+3,84+3,84+3,86,86,86,86,86,85+3,85+3,85+3,85+3,79+3,79+3,79+3,85+3,67+3,63+3,63+3,63+3,67+3,63+3,54+3,54+3,54+3,63+3,19+3,https://cdn.sofifa.net/players/200/104/20_120.png,https://cdn.sofifa.net/teams/18/60.png,https://cdn.sofifa.net/flags/gb-eng.png,,https://cdn.sofifa.net/flags/kr.png
200145,https://sofifa.com/player/200145/carlos-henrique-venancio-casimiro/200002,Casemiro,Carlos Henrique Venancio Casimiro,CDM,87,89,53500000.0,240000.0,27,1992-02-23,185,84,243.0,Real Madrid CF,Spain Primera Division,1,CDM,14,,2013-07-11,2021,54,Brazil,,,,Right,3,2,3,Medium/High,Normal (185+),Yes,113700000,"#Tackling, #Tactician, #Strength, #Complete Defender","Power Free-Kick, Dives Into Tackles (AI), Long Shot Taker (AI)",62,72,75,72,85,89,58,64,76,83,61,69,63,74,82,78,58,66,62,86,66,86,87,88,90,81,89,86,69,77,66,84,84,87,86,13,14,16,12,12,,74+3,74+3,74+3,71,74,74,74,71,75+3,75+3,75+3,73+3,80+3,80+3,80+3,73+3,79+3,84+3,84+3,84+3,79+3,80+3,85+3,85+3,85+3,80+3,21+3,https://cdn.sofifa.net/players/200/145/20_120.png,https://cdn.sofifa.net/teams/243/60.png,https://cdn.sofifa.net/flags/es.png,,https://cdn.sofifa.net/flags/br.png
212218,https://sofifa.com/player/212218/aymeric-laporte/200002,A. Laporte,Aymeric Laporte,"CB, LB",87,90,56500000.0,190000.0,25,1994-05-27,189,85,10.0,Manchester City,English Premier League,1,LCB,14,,2018-01-30,2024,18,France,,,,Left,3,2,2,Medium/Medium,Normal (185+),Yes,108800000,"#Tackling, #Tactician ",Long Passer (AI),64,50,71,68,88,82,58,45,86,81,40,63,61,69,80,77,61,66,59,87,60,68,78,78,85,47,79,87,54,65,44,85,88,89,88,10,11,5,14,5,,66+2,66+2,66+2,65,66,66,66,65,68+2,68+2,68+2,68+2,74+2,74+2,74+2,68+2,78+2,83+2,83+2,83+2,78+2,80+2,85+2,85+2,85+2,80+2,18+2,https://cdn.sofifa.net/players/212/218/20_120.png,https://cdn.sofifa.net/teams/10/60.png,https://cdn.sofifa.net/flags/gb-eng.png,,https://cdn.sofifa.net/flags/fr.png
218667,https://sofifa.com/player/218667/bernardo-mota-carvalho-e-silva/200002,Bernardo Silva,Bernardo Mota Veiga de Carvalho e Silva,"RW, CAM, CM",87,90,64000000.0,210000.0,24,1994-08-10,173,64,10.0,Manchester City,English Premier League,1,RW,20,,2017-07-01,2024,38,Portugal,1354.0,CAM,10,Left,3,4,2,High/High,Lean (170-185),Yes,123200000,"#Dribbler, #Engine, #Acrobat","Flair, Playmaker (AI), Technical Dribbler (AI)",81,76,83,92,51,67,85,78,51,86,69,92,84,67,74,92,85,78,94,85,92,74,51,93,54,75,69,49,85,85,68,87,49,59,40,9,10,14,12,9,,78+3,78+3,78+3,86+1,84+1,84+1,84+1,86+1,86+3,86+3,86+3,86+3,82+3,82+3,82+3,86+3,72+3,70+3,70+3,70+3,72+3,68+3,58+3,58+3,58+3,68+3,18+3,https://cdn.sofifa.net/players/218/667/20_120.png,https://cdn.sofifa.net/teams/10/60.png,https://cdn.sofifa.net/flags/gb-eng.png,https://cdn.sofifa.net/teams/1354/60.png,https://cdn.sofifa.net/flags/pt.png
168651,https://sofifa.com/player/168651/ivan-rakitic/200002,I. Rakitić,Ivan Rakitić,"CM, CDM",86,86,38000000.0,240000.0,31,1988-03-10,184,78,241.0,FC Barcelona,Spain Primera Division,1,RCM,4,,2014-07-01,2021,10,Croatia,,,,Right,4,3,4,Medium/Medium,Lean (170-185),Yes,77900000,,"Solid Player, Long Shot Taker (AI)",62,81,86,81,74,70,84,78,59,86,84,80,88,82,90,87,64,61,73,80,62,84,34,79,71,85,67,79,77,85,82,80,76,73,72,14,11,12,5,9,,77+3,77+3,77+3,79,80,80,80,79,82+3,82+3,82+3,80+3,83+3,83+3,83+3,80+3,78+3,80+3,80+3,80+3,78+3,76+3,72+3,72+3,72+3,76+3,18+3,https://cdn.sofifa.net/players/168/651/20_120.png,https://cdn.sofifa.net/teams/241/60.png,https://cdn.sofifa.net/flags/es.png,,https://cdn.sofifa.net/flags/hr.png
180206,https://sofifa.com/player/180206/miralem-pjanic/200002,M. Pjanić,Miralem Pjanić,"CM, CDM",86,86,42500000.0,180000.0,29,1990-04-02,178,72,45.0,Juventus,Italian Serie A,1,CDM,5,,2016-07-01,2023,8,Bosnia and Herzegovina,,,,Right,4,3,3,Medium/Medium,Normal (170-185),Yes,70100000,"#Dribbler, #Playmaker, #FK Specialist, #Complete Midfielder","Finesse Shot, Long Shot Taker (AI), Playmaker (AI), Technical Dribbler (AI)",68,68,87,85,75,67,80,56,60,91,72,86,86,92,87,89,69,67,75,84,81,78,60,79,61,82,70,78,68,88,79,86,78,76,70,7,7,13,7,8,,72+3,72+3,72+3,79,78,78,78,79,82+3,82+3,82+3,80+3,84+2,84+2,84+2,80+3,79+3,81+3,81+3,81+3,79+3,77+3,73+3,73+3,73+3,77+3,16+3,https://cdn.sofifa.net/players/180/206/20_120.png,https://cdn.sofifa.net/teams/45/60.png,https://cdn.sofifa.net/flags/it.png,,https://cdn.sofifa.net/flags/ba.png
183898,https://sofifa.com/player/183898/angel-di-maria/200002,Á. Di María,Ángel Fabián Di María Hernández,"RW, LW",86,86,39000000.0,150000.0,31,1988-02-14,180,69,73.0,Paris Saint-Germain,French Ligue 1,1,LW,11,,2015-08-06,2021,52,Argentina,1369.0,RM,11,Left,2,5,4,High/Medium,Lean (170-185),Yes,72200000,"#Dribbler, #Crosser, #FK Specialist, #Acrobat","Flair, Long Shot Taker (AI), Outside Foot Shot, Chip Shot (AI), Technical Dribbler (AI)",84,79,84,87,48,68,86,76,51,83,77,87,88,88,80,86,85,84,94,82,77,83,72,78,60,84,73,42,84,86,73,84,41,55,52,10,7,11,12,11,,78+6,78+6,78+6,84+2,83+3,83+3,83+3,84+2,84+2,84+2,84+2,84+2,80+6,80+6,80+6,84+2,70+6,67+6,67+6,67+6,70+6,66+6,57+6,57+6,57+6,66+6,18+6,https://cdn.sofifa.net/players/183/898/20_120.png,https://cdn.sofifa.net/teams/73/60.png,https://cdn.sofifa.net/flags/fr.png,https://cdn.sofifa.net/teams/1369/60.png,https://cdn.sofifa.net/flags/ar.png
184344,https://sofifa.com/player/184344/leonardo-bonucci/200002,L. Bonucci,Leonardo Bonucci,CB,86,86,28500000.0,155000.0,32,1987-05-01,190,85,45.0,Juventus,Italian Serie A,1,RCB,19,,2018-08-02,2023,27,Italy,1343.0,RCB,19,Right,4,2,3,Low/High,Lean (185+),Yes,47000000,#Tactician ,"Power Free-Kick, Solid Player, Long Passer (AI), Power Header",58,58,69,70,87,79,44,48,84,77,58,69,56,61,85,75,55,60,61,84,55,74,85,68,82,65,82,90,38,74,70,86,90,86,80,2,2,3,2,4,,65+3,65+3,65+3,63,65,65,65,63,68+3,68+3,68+3,65+3,75+3,75+3,75+3,65+3,74+3,82+3,82+3,82+3,74+3,76+3,84+2,84+2,84+2,76+3,11+3,https://cdn.sofifa.net/players/184/344/20_120.png,https://cdn.sofifa.net/teams/45/60.png,https://cdn.sofifa.net/flags/it.png,https://cdn.sofifa.net/teams/1343/60.png,https://cdn.sofifa.net/flags/it.png
186153,https://sofifa.com/player/186153/wojciech-szczesny/200002,W. Szczęsny,Wojciech Tomasz Szczęsny,GK,86,88,37500000.0,135000.0,29,1990-04-18,195,90,45.0,Juventus,Italian Serie A,1,GK,1,,2017-07-19,2021,37,Poland,1353.0,GK,1,Right,3,1,3,Medium/Medium,Lean (185+),Yes,64700000,,Comes For Crosses,,,,,,,12,12,16,32,14,11,16,14,36,22,51,47,55,82,51,55,71,45,65,14,40,15,14,48,18,65,20,13,12,85,82,73,86,88,49,31+3,31+3,31+3,28,31,31,31,28,32+3,32+3,32+3,31+3,33+3,33+3,33+3,31+3,28+3,31+3,31+3,31+3,28+3,28+3,29+3,29+3,29+3,28+3,84+3,https://cdn.sofifa.net/players/186/153/20_120.png,https://cdn.sofifa.net/teams/45/60.png,https://cdn.sofifa.net/flags/it.png,https://cdn.sofifa.net/teams/1353/60.png,https://cdn.sofifa.net/flags/pl.png
189242,https://sofifa.com/player/189242/philippe-coutinho-correia/200002,Coutinho,Philippe Coutinho Correia,"LW, CM",86,86,46500000.0,260000.0,27,1992-06-12,172,68,21.0,FC Bayern München,German 1. Bundesliga,1,LCM,10,FC Barcelona,,2020,54,Brazil,,,,Right,4,5,3,High/Medium,Normal (170-185),Yes,,"#Dribbler, #FK Specialist, #Acrobat","Flair, Long Shot Taker (AI), Technical Dribbler (AI)",79,80,84,90,52,64,79,77,48,84,78,90,90,86,82,91,84,75,92,82,93,82,59,76,61,88,59,49,84,86,70,77,55,54,47,12,7,9,14,6,,78+3,78+3,78+3,85,84,84,84,85,86,86,86,84+2,82+3,82+3,82+3,84+2,70+3,69+3,69+3,69+3,70+3,66+3,58+3,58+3,58+3,66+3,18+3,https://cdn.sofifa.net/players/189/242/20_120.png,https://cdn.sofifa.net/teams/21/60.png,https://cdn.sofifa.net/flags/de.png,,https://cdn.sofifa.net/flags/br.png
189513,https://sofifa.com/player/189513/daniel-parejo-munoz/200002,Parejo,Daniel Parejo Muñoz,CM,86,86,41000000.0,69000.0,30,1989-04-16,182,74,461.0,Valencia CF,Spain Primera Division,1,RCM,10,,2011-07-01,2022,45,Spain,,,,Right,4,3,2,Medium/Medium,Lean (170-185),Yes,86100000,"#Playmaker, #FK Specialist, #Complete Midfielder","Solid Player, Long Passer (AI), Playmaker (AI)",41,80,88,79,70,69,84,80,61,91,72,79,89,90,88,85,49,35,64,78,72,79,49,76,71,82,58,81,81,86,83,85,69,68,65,5,9,12,14,8,,75+2,75+2,75+2,77,78,78,78,77,81+2,81+2,81+2,78+2,84+2,84+2,84+2,78+2,74+2,78+2,78+2,78+2,74+2,71+2,70+2,70+2,70+2,71+2,17+2,https://cdn.sofifa.net/players/189/513/20_120.png,https://cdn.sofifa.net/teams/461/60.png,https://cdn.sofifa.net/flags/es.png,,https://cdn.sofifa.net/flags/es.png
189596,https://sofifa.com/player/189596/thomas-muller/200002,T. Müller,Thomas Müller,"CAM, RM, RW",86,86,43500000.0,165000.0,29,1989-09-13,186,75,21.0,FC Bayern München,German 1. Bundesliga,1,SUB,25,,2008-08-10,2021,21,Germany,,,,Right,4,3,4,High/High,Lean (185+),Yes,71800000,"#Engine, #Clinical Finisher","Solid Player, Outside Foot Shot",72,83,79,78,55,71,79,87,81,81,84,75,81,59,72,82,69,75,74,91,71,78,77,86,67,80,61,58,92,85,60,84,44,57,46,6,7,11,14,14,,82+4,82+4,82+4,81+1,83+1,83+1,83+1,81+1,82+4,82+4,82+4,81+4,80+4,80+4,80+4,81+4,70+4,69+4,69+4,69+4,70+4,68+4,63+4,63+4,63+4,68+4,19+4,https://cdn.sofifa.net/players/189/596/20_120.png,https://cdn.sofifa.net/teams/21/60.png,https://cdn.sofifa.net/flags/de.png,,https://cdn.sofifa.net/flags/de.png
192387,https://sofifa.com/player/192387/ciro-immobile/200002,C. Immobile,Ciro Immobile,ST,86,86,44500000.0,105000.0,29,1990-02-20,185,85,46.0,Lazio,Italian Serie A,1,ST,17,,2016-07-27,2023,27,Italy,1343.0,ST,17,Right,4,3,3,High/Medium,Normal (185+),Yes,75700000,#Clinical Finisher,Outside Foot Shot,80,85,63,81,39,76,55,87,81,74,85,83,70,51,49,83,76,83,75,87,63,86,77,79,73,80,77,40,91,65,78,81,34,33,32,6,8,15,12,6,,84+2,84+2,84+2,79,82,82,82,79,78+3,78+3,78+3,77+3,71+3,71+3,71+3,77+3,60+3,58+3,58+3,58+3,60+3,58+3,55+3,55+3,55+3,58+3,17+3,https://cdn.sofifa.net/players/192/387/20_120.png,https://cdn.sofifa.net/teams/46/60.png,https://cdn.sofifa.net/flags/it.png,https://cdn.sofifa.net/teams/1343/60.png,https://cdn.sofifa.net/flags/it.png
193301,https://sofifa.com/player/193301/alexandre-lacazette/200002,A. Lacazette,Alexandre Lacazette,ST,86,86,46000000.0,165000.0,28,1991-05-28,175,73,1.0,Arsenal,English Premier League,1,ST,9,,2017-07-05,2022,18,France,,,,Right,4,4,3,High/High,Normal (170-185),Yes,87400000,#Dribbler,"Flair, Outside Foot Shot, Technical Dribbler (AI)",82,85,75,86,40,74,68,87,74,81,82,86,74,74,69,86,82,82,85,86,85,86,76,79,73,78,72,42,87,78,84,86,29,42,30,11,6,9,5,6,,84+2,84+2,84+2,83,84,84,84,83,83+3,83+3,83+3,82+3,77+3,77+3,77+3,82+3,63+3,62+3,62+3,62+3,63+3,60+3,55+3,55+3,55+3,60+3,16+3,https://cdn.sofifa.net/players/193/301/20_120.png,https://cdn.sofifa.net/teams/1/60.png,https://cdn.sofifa.net/flags/gb-eng.png,,https://cdn.sofifa.net/flags/fr.png
197781,https://sofifa.com/player/197781/francisco-roman-alarcon-suarez/200002,Isco,Francisco Román Alarcón Suárez,"CAM, CM, LW",86,87,51000000.0,240000.0,27,1992-04-21,176,79,243.0,Real Madrid CF,Spain Primera Division,1,SUB,22,,2013-07-03,2022,45,Spain,1362.0,LW,22,Right,3,4,3,Medium/Low,Normal (170-185),Yes,108400000,#Dribbler,"Finesse Shot, Flair, Playmaker (AI), Outside Foot Shot, Technical Dribbler (AI)",71,77,83,91,59,60,78,79,55,84,67,92,88,76,80,93,74,68,85,76,90,69,61,62,59,84,58,61,79,87,76,86,58,64,51,10,8,12,15,6,,76+3,76+3,76+3,83,82,82,82,83,84+3,84+3,84+3,82+3,81+3,81+3,81+3,82+3,70+3,71+3,71+3,71+3,70+3,67+3,62+3,62+3,62+3,67+3,17+3,https://cdn.sofifa.net/players/197/781/20_120.png,https://cdn.sofifa.net/teams/243/60.png,https://cdn.sofifa.net/flags/es.png,https://cdn.sofifa.net/teams/1362/60.png,https://cdn.sofifa.net/flags/es.png
199556,https://sofifa.com/player/199556/marco-verratti/200002,M. Verratti,Marco Verratti,"CM, CDM",86,89,54500000.0,135000.0,26,1992-11-05,165,60,73.0,Paris Saint-Germain,French Ligue 1,1,RCM,6,,2012-07-18,2021,27,Italy,1343.0,LCM,6,Right,4,4,3,Medium/High,Normal (170-),Yes,104900000,"#Dribbler, #Playmaker, #Acrobat, #Complete Midfielder","Flair, Playmaker (AI)",65,60,84,90,79,66,75,60,55,90,64,90,74,64,89,89,69,61,91,85,94,56,64,77,52,58,89,84,71,87,64,95,78,82,83,12,12,15,15,10,,69+3,69+3,69+3,79,77,77,77,79,82+3,82+3,82+3,81+3,84+3,84+3,84+3,81+3,81+3,84+3,84+3,84+3,81+3,79+3,76+3,76+3,76+3,79+3,20+3,https://cdn.sofifa.net/players/199/556/20_120.png,https://cdn.sofifa.net/teams/73/60.png,https://cdn.sofifa.net/flags/fr.png,https://cdn.sofifa.net/teams/1343/60.png,https://cdn.sofifa.net/flags/it.png
201942,https://sofifa.com/player/201942/roberto-firmino-barbosa-de-oliveira/200002,Roberto Firmino,Roberto Firmino Barbosa de Oliveira,"CF, ST, CAM",86,87,52000000.0,170000.0,27,1991-10-02,181,76,9.0,Liverpool,English Premier League,1,CF,9,,2015-07-06,2023,54,Brazil,,,,Right,4,4,3,High/High,Lean (170-185),Yes,100100000,"#Dribbler, #Playmaker, #Engine, #Complete Midfielder","Flair, Playmaker (AI), Chip Shot (AI), Technical Dribbler (AI)",77,82,80,87,61,78,72,85,78,86,81,88,80,65,76,88,78,77,80,86,81,81,81,88,74,76,73,58,87,86,72,88,60,64,42,8,11,9,6,10,,83+4,83+4,83+4,84+1,85+1,85+1,85+1,84+1,85+2,85+2,85+2,84+3,82+4,82+4,82+4,84+3,72+4,73+4,73+4,73+4,72+4,70+4,67+4,67+4,67+4,70+4,17+4,https://cdn.sofifa.net/players/201/942/20_120.png,https://cdn.sofifa.net/teams/9/60.png,https://cdn.sofifa.net/flags/gb-eng.png,,https://cdn.sofifa.net/flags/br.png
205600,https://sofifa.com/player/205600/samuel-umtiti/200002,S. Umtiti,Samuel Yves Umtiti,CB,86,89,50000000.0,210000.0,25,1993-11-14,182,75,241.0,FC Barcelona,Spain Primera Division,1,SUB,23,,2016-07-12,2023,18,France,1335.0,LCB,5,Left,3,2,3,Medium/High,Normal (170-185),Yes,106300000,"#Tackling, #Tactician ",,69,63,69,69,86,82,61,51,79,80,65,64,72,62,73,77,66,72,62,82,66,83,88,71,86,74,82,87,51,58,61,82,87,88,85,15,10,14,12,15,,69+3,69+3,69+3,66,68,68,68,66,68+3,68+3,68+3,68+3,73+3,73+3,73+3,68+3,78+3,81+3,81+3,81+3,78+3,79+3,84+3,84+3,84+3,79+3,21+3,https://cdn.sofifa.net/players/205/600/20_120.png,https://cdn.sofifa.net/teams/241/60.png,https://cdn.sofifa.net/flags/es.png,https://cdn.sofifa.net/teams/1335/60.png,https://cdn.sofifa.net/flags/fr.png
207865,https://sofifa.com/player/207865/marcos-aoas-correa/200002,Marquinhos,Marcos Aoás Corrêa,"CB, CDM",86,90,51500000.0,120000.0,25,1994-05-14,183,75,73.0,Paris Saint-Germain,French Ligue 1,1,RCB,5,,2013-07-19,2022,54,Brazil,,,,Right,3,3,3,Medium/High,Normal (170-185),Yes,99100000,"#Tackling, #Tactician ",Long Throw-in,74,41,73,70,86,77,68,33,84,82,31,64,55,32,82,79,72,76,69,85,68,61,89,76,75,35,80,86,59,68,47,86,86,87,87,6,6,12,10,13,,63+3,63+3,63+3,67,66,66,66,67,69+3,69+3,69+3,71+3,75+3,75+3,75+3,71+3,80+3,82+3,82+3,82+3,80+3,82+3,84+3,84+3,84+3,82+3,17+3,https://cdn.sofifa.net/players/207/865/20_120.png,https://cdn.sofifa.net/teams/73/60.png,https://cdn.sofifa.net/flags/fr.png,,https://cdn.sofifa.net/flags/br.png
212622,https://sofifa.com/player/212622/joshua-kimmich/200002,J. Kimmich,Joshua Walter Kimmich,"RB, CM, CDM",86,88,48000000.0,125000.0,24,1995-02-08,176,73,21.0,FC Bayern München,German 1. Bundesliga,1,RB,32,,2015-07-01,2023,21,Germany,1337.0,CDM,6,Right,4,3,3,High/Low,Lean (170-185),Yes,82800000,#Crosser,,72,69,86,84,79,78,91,66,74,87,67,83,85,61,85,85,77,68,84,87,84,76,79,94,66,71,86,80,80,84,44,85,78,80,79,8,15,7,15,15,,76+4,76+4,76+4,81+1,80+1,80+1,80+1,81+1,82+4,82+4,82+4,83+4,84+4,84+4,84+4,83+4,83+4,83+4,83+4,83+4,83+4,82+4,79+4,79+4,79+4,82+4,21+4,https://cdn.sofifa.net/players/212/622/20_120.png,https://cdn.sofifa.net/teams/21/60.png,https://cdn.sofifa.net/flags/de.png,https://cdn.sofifa.net/teams/1337/60.png,https://cdn.sofifa.net/flags/de.png
222492,https://sofifa.com/player/222492/leroy-sane/200002,L. Sané,Leroy Aziz Sané,LW,86,92,61000000.0,195000.0,23,1996-01-11,183,75,10.0,Manchester City,English Premier League,1,SUB,19,,2016-08-02,2021,21,Germany,1337.0,LW,19,Left,3,4,2,High/Medium,Lean (170-185),Yes,125100000,"#Speedster, #Dribbler, #Acrobat","Power Free-Kick, Flair, Speed Dribbler (AI)",95,81,79,86,38,70,83,81,72,80,85,88,83,82,64,85,93,96,86,81,80,87,64,78,70,78,61,34,84,82,71,80,36,32,35,8,12,9,9,14,,83+3,83+3,83+3,85+1,84+1,84+1,84+1,85+1,83+3,83+3,83+3,84+3,75+3,75+3,75+3,84+3,65+3,59+3,59+3,59+3,65+3,61+3,52+3,52+3,52+3,61+3,18+3,https://cdn.sofifa.net/players/222/492/20_120.png,https://cdn.sofifa.net/teams/10/60.png,https://cdn.sofifa.net/flags/gb-eng.png,https://cdn.sofifa.net/teams/1337/60.png,https://cdn.sofifa.net/flags/de.png
232363,https://sofifa.com/player/232363/milan-skriniar/200002,M. Škriniar,Milan Škriniar,CB,86,90,52000000.0,89000.0,24,1995-02-11,187,80,44.0,Inter,Italian Serie A,1,LCB,37,,2017-07-07,2023,43,Slovakia,,,,Right,4,2,1,Medium/High,Normal (185+),No,92300000,#Tactician ,,69,41,59,66,87,82,40,42,82,73,40,67,34,30,69,69,70,69,48,83,51,50,78,75,85,30,86,86,30,57,56,81,92,87,83,10,13,12,8,12,,59+2,59+2,59+2,58,59,59,59,58,61+2,61+2,61+2,62+2,67+2,67+2,67+2,62+2,74+2,79+2,79+2,79+2,74+2,77+2,84+2,84+2,84+2,77+2,19+2,https://cdn.sofifa.net/players/232/363/20_120.png,https://cdn.sofifa.net/teams/44/60.png,https://cdn.sofifa.net/flags/it.png,,https://cdn.sofifa.net/flags/sk.png
41236,https://sofifa.com/player/41236/zlatan-ibrahimovic/200002,Z. Ibrahimović,Zlatan Ibrahimović,ST,85,85,11000000.0,15000.0,37,1981-10-03,195,95,697.0,LA Galaxy,USA Major League Soccer,1,ST,9,,2018-03-23,2019,46,Sweden,,,,Right,4,5,5,Medium/Low,Normal (185+),Yes,21000000,"#Poacher, #Aerial Threat, #Distance Shooter, #Strength, #Clinical Finisher, #Complete Forward","Flair, Long Shot Taker (AI), Power Header, Outside Foot Shot, Technical Dribbler (AI)",56,88,77,77,34,78,70,86,83,77,88,77,80,78,73,84,57,55,72,82,39,90,68,59,87,88,84,20,91,84,89,90,28,37,24,13,15,10,9,12,,83+2,83+2,83+2,78,81,81,81,78,80+3,80+3,80+3,76+3,74+3,74+3,74+3,76+3,54+3,58+3,58+3,58+3,54+3,51+3,53+3,53+3,53+3,51+3,20+3,https://cdn.sofifa.net/players/041/236/20_120.png,https://cdn.sofifa.net/teams/697/60.png,https://cdn.sofifa.net/flags/us.png,,https://cdn.sofifa.net/flags/se.png
143076,https://sofifa.com/player/143076/alejandro-gomez/200002,A. Gómez,Alejandro Darío Gómez,"CAM, CF, ST",85,85,34000000.0,90000.0,31,1988-02-15,165,68,39.0,Atalanta,Italian Serie A,1,CAM,10,,2014-09-02,2022,52,Argentina,,,,Right,4,4,3,High/Medium,Normal (170-),No,57800000,#Acrobat,"Long Shot Taker (AI), Technical Dribbler (AI)",89,78,81,86,39,55,81,79,38,81,72,85,79,79,74,85,94,85,92,81,94,76,70,70,46,79,56,40,82,85,72,84,50,30,34,8,11,12,9,6,,75+3,75+3,75+3,84,82,82,82,84,83+2,83+2,83+2,83+2,76+3,76+3,76+3,83+2,65+3,61+3,61+3,61+3,65+3,60+3,48+3,48+3,48+3,60+3,17+3,https://cdn.sofifa.net/players/143/076/20_120.png,https://cdn.sofifa.net/teams/39/60.png,https://cdn.sofifa.net/flags/it.png,,https://cdn.sofifa.net/flags/ar.png
167664,https://sofifa.com/player/167664/gonzalo-higuain/200002,G. Higuaín,Gonzalo Gerardo Higuaín,ST,85,85,34500000.0,170000.0,31,1987-12-10,186,89,45.0,Juventus,Italian Serie A,1,SUB,21,,2016-07-26,2021,52,Argentina,,,,Right,4,3,4,High/Medium,Normal (170-185),Yes,56900000,#Clinical Finisher,"Long Shot Taker (AI), Outside Foot Shot",63,85,71,80,31,71,68,88,77,75,88,80,74,62,60,84,62,64,72,86,69,86,78,60,84,80,50,20,90,75,70,85,35,22,18,5,12,7,5,10,,83+2,83+2,83+2,78,81,81,81,78,79+3,79+3,79+3,76+3,71+3,71+3,71+3,76+3,53+3,53+3,53+3,53+3,53+3,50+3,48+3,48+3,48+3,50+3,17+3,https://cdn.sofifa.net/players/167/664/20_120.png,https://cdn.sofifa.net/teams/45/60.png,https://cdn.sofifa.net/flags/it.png,,https://cdn.sofifa.net/flags/ar.png
170890,https://sofifa.com/player/170890/blaise-matuidi/200002,B. Matuidi,Blaise Matuidi,"CDM, CM",85,85,25000000.0,145000.0,32,1987-04-09,180,75,45.0,Juventus,Italian Serie A,1,SUB,14,,2017-08-18,2020,18,France,1335.0,LM,14,Left,2,2,3,Medium/High,Lean (170-185),Yes,41300000,#Tactician ,"Solid Player, Finesse Shot",75,66,76,78,83,81,74,60,68,83,72,76,60,52,77,79,77,73,83,84,79,78,84,90,74,67,86,86,72,74,56,82,85,84,86,8,11,5,10,14,,73+3,73+3,73+3,75,75,75,75,75,76+3,76+3,76+3,77+3,79+3,79+3,79+3,77+3,82+3,83+2,83+2,83+2,82+3,82+3,82+3,82+3,82+3,82+3,19+3,https://cdn.sofifa.net/players/170/890/20_120.png,https://cdn.sofifa.net/teams/45/60.png,https://cdn.sofifa.net/flags/it.png,https://cdn.sofifa.net/teams/1335/60.png,https://cdn.sofifa.net/flags/fr.png
173731,https://sofifa.com/player/173731/gareth-bale/200002,G. Bale,Gareth Frank Bale,"RW, LW, ST",85,85,37500000.0,250000.0,29,1989-07-16,185,82,243.0,Real Madrid CF,Spain Primera Division,1,SUB,11,,2013-09-02,2022,50,Wales,1367.0,RM,11,Left,3,4,4,Medium/Medium,Lean (170-185),Yes,76900000,"#Speedster, #Distance Shooter, #Crosser, #FK Specialist","Long Throw-in, Injury Prone, Long Shot Taker (AI), Speed Dribbler (AI), Outside Foot Shot, Chip Shot (AI)",91,87,82,82,58,76,86,84,84,81,85,83,90,87,80,84,90,91,79,80,65,92,86,73,80,90,65,59,85,79,76,85,54,55,52,15,15,11,5,6,,85,85,85,84+1,84+1,84+1,84+1,84+1,83+2,83+2,83+2,83+2,79+6,79+6,79+6,83+2,72+6,70+6,70+6,70+6,72+6,70+6,67+6,67+6,67+6,70+6,18+6,https://cdn.sofifa.net/players/173/731/20_120.png,https://cdn.sofifa.net/teams/243/60.png,https://cdn.sofifa.net/flags/es.png,https://cdn.sofifa.net/teams/1367/60.png,https://cdn.sofifa.net/flags/gb-wls.png
176676,https://sofifa.com/player/176676/marcelo-vieira-da-silva/200002,Marcelo,Marcelo Vieira da Silva Júnior,LB,85,85,28000000.0,200000.0,31,1988-05-12,174,75,243.0,Real Madrid CF,Spain Primera Division,1,LB,12,,2007-01-01,2022,54,Brazil,,,,Left,4,5,4,High/Low,Normal (170-185),Yes,57400000,"#Dribbler, #Crosser","Flair, Outside Foot Shot",81,74,83,89,77,79,89,73,75,85,63,89,84,67,77,92,82,80,85,85,86,82,77,79,78,70,81,81,83,80,59,85,71,79,82,12,5,5,5,9,,81+3,81+3,81+3,84,83,83,83,84,84+1,84+1,84+1,84+1,83+2,83+2,83+2,84+1,83+2,81+3,81+3,81+3,83+2,82+3,79+3,79+3,79+3,82+3,16+3,https://cdn.sofifa.net/players/176/676/20_120.png,https://cdn.sofifa.net/teams/243/60.png,https://cdn.sofifa.net/flags/es.png,,https://cdn.sofifa.net/flags/br.png
177413,https://sofifa.com/player/177413/axel-witsel/200002,A. Witsel,Axel Witsel,"CDM, CM",85,85,31500000.0,105000.0,30,1989-01-12,186,81,22.0,Borussia Dortmund,German 1. Bundesliga,1,LDM,28,,2018-08-17,2022,7,Belgium,1325.0,LCM,6,Right,4,4,3,Medium/High,Lean (185+),Yes,52000000,,"Solid Player, Leadership",73,74,80,79,83,81,69,71,81,89,77,78,69,68,84,84,67,77,76,85,67,78,77,82,82,74,79,80,75,80,76,92,82,85,83,5,7,7,10,7,,78+3,78+3,78+3,78,79,79,79,78,80+3,80+3,80+3,79+3,83+2,83+2,83+2,79+3,81+3,83+2,83+2,83+2,81+3,81+3,82+3,82+3,82+3,81+3,16+3,https://cdn.sofifa.net/players/177/413/20_120.png,https://cdn.sofifa.net/teams/22/60.png,https://cdn.sofifa.net/flags/de.png,https://cdn.sofifa.net/teams/1325/60.png,https://cdn.sofifa.net/flags/be.png
185122,https://sofifa.com/player/185122/peter-gulacsi/200002,P. Gulácsi,Péter Gulácsi,GK,85,86,31000000.0,69000.0,29,1990-05-06,192,86,112172.0,RB Leipzig,German 1. Bundesliga,1,GK,1,,2015-07-01,2022,23,Hungary,1886.0,GK,1,Right,2,1,2,Medium/Medium,Normal (185+),Yes,55000000,,,,,,,,,16,10,23,29,10,19,18,11,25,25,42,44,41,82,42,61,67,35,74,12,34,23,11,42,24,45,25,16,20,84,86,81,84,86,43,32+2,32+2,32+2,28,31,31,31,28,30+2,30+2,30+2,30+2,30+2,30+2,30+2,30+2,30+2,32+2,32+2,32+2,30+2,30+2,33+2,33+2,33+2,30+2,84+2,https://cdn.sofifa.net/players/185/122/20_120.png,https://cdn.sofifa.net/teams/112172/60.png,https://cdn.sofifa.net/flags/de.png,https://cdn.sofifa.net/teams/1886/60.png,https://cdn.sofifa.net/flags/hu.png
189117,https://sofifa.com/player/189117/roman-burki/200002,R. Bürki,Roman Bürki,GK,85,86,32000000.0,90000.0,28,1990-11-14,187,85,22.0,Borussia Dortmund,German 1. Bundesliga,1,GK,1,,2015-07-01,2021,47,Switzerland,,,,Right,2,1,3,Medium/Medium,Normal (185+),Yes,55200000,,,,,,,,,15,8,17,37,13,12,13,12,24,23,44,54,49,83,52,56,74,36,74,14,35,18,10,50,20,58,11,13,16,86,80,74,83,89,50,31+3,31+3,31+3,29,31,31,31,29,32+3,32+3,32+3,30+3,32+3,32+3,32+3,30+3,29+3,30+3,30+3,30+3,29+3,28+3,29+3,29+3,29+3,28+3,84+2,https://cdn.sofifa.net/players/189/117/20_120.png,https://cdn.sofifa.net/teams/22/60.png,https://cdn.sofifa.net/flags/de.png,,https://cdn.sofifa.net/flags/ch.png
191043,https://sofifa.com/player/191043/alex-sandro-lobo-silva/200002,Alex Sandro,Alex Sandro Lobo Silva,"LB, LM",85,85,33000000.0,150000.0,28,1991-01-26,180,80,45.0,Juventus,Italian Serie A,1,LB,12,,2015-08-21,2020,54,Brazil,,,,Left,3,3,3,High/Medium,Normal (170-185),Yes,54500000,,Speed Dribbler (AI),83,65,77,80,82,82,84,55,76,81,68,80,78,59,71,81,81,85,78,84,77,80,79,91,78,72,82,82,70,70,60,82,81,84,84,7,7,9,12,5,,74+3,74+3,74+3,77,76,76,76,77,76+3,76+3,76+3,78+3,78+3,78+3,78+3,78+3,83+2,81+3,81+3,81+3,83+2,83+2,81+3,81+3,81+3,83+2,16+3,https://cdn.sofifa.net/players/191/043/20_120.png,https://cdn.sofifa.net/teams/45/60.png,https://cdn.sofifa.net/flags/it.png,,https://cdn.sofifa.net/flags/br.png
192505,https://sofifa.com/player/192505/romelu-lukaku/200002,R. Lukaku,Romelu Lukaku Menama,ST,85,86,46000000.0,115000.0,26,1993-05-13,190,94,44.0,Inter,Italian Serie A,1,LS,9,,2019-08-08,2024,7,Belgium,1325.0,ST,9,Left,4,3,3,Medium/Medium,Stocky (185+),Yes,81700000,#Strength,"Speed Dribbler (AI), Power Header",75,82,73,72,35,84,72,84,85,75,77,78,78,66,71,70,64,84,55,84,46,87,71,75,95,74,71,27,86,73,78,81,30,30,30,8,15,14,7,10,,82+3,82+3,82+3,76,78,78,78,76,76+3,76+3,76+3,76+3,71+3,71+3,71+3,76+3,58+3,57+3,57+3,57+3,58+3,55+3,53+3,53+3,53+3,55+3,18+3,https://cdn.sofifa.net/players/192/505/20_120.png,https://cdn.sofifa.net/teams/44/60.png,https://cdn.sofifa.net/flags/it.png,https://cdn.sofifa.net/teams/1325/60.png,https://cdn.sofifa.net/flags/be.png
192629,https://sofifa.com/player/192629/iago-aspas-juncal/200002,Iago Aspas,Iago Aspas Juncal,"ST, RW",85,85,34500000.0,50000.0,31,1987-08-01,176,67,450.0,RC Celta de Vigo,Spain Primera Division,1,RS,10,,2015-07-01,2023,45,Spain,1362.0,SUB,17,Left,3,3,2,High/High,Lean (170-185),Yes,72500000,"#Acrobat, #Clinical Finisher","Injury Prone, Finesse Shot, Outside Foot Shot, Team Player, Chip Shot (AI)",78,84,77,85,35,64,80,88,78,79,83,86,80,76,68,85,80,76,87,85,72,79,66,71,60,82,63,39,86,79,82,85,39,21,18,12,16,9,12,13,,82+3,82+3,82+3,83+1,83+1,83+1,83+1,83+1,82+3,82+3,82+3,81+3,75+3,75+3,75+3,81+3,60+3,58+3,58+3,58+3,60+3,56+3,49+3,49+3,49+3,56+3,21+3,https://cdn.sofifa.net/players/192/629/20_120.png,https://cdn.sofifa.net/teams/450/60.png,https://cdn.sofifa.net/flags/es.png,https://cdn.sofifa.net/teams/1362/60.png,https://cdn.sofifa.net/flags/es.png
192774,https://sofifa.com/player/192774/kostas-manolas/200002,K. Manolas,Konstantinos Manolas,CB,85,86,37500000.0,100000.0,28,1991-06-14,189,83,48.0,Napoli,Italian Serie A,1,RCB,44,,2019-07-02,2022,22,Greece,1338.0,LCB,4,Right,2,2,3,Low/High,Normal (185+),No,66600000,"#Tackling, #Tactician ",Dives Into Tackles (AI),82,25,42,60,86,81,27,25,80,60,16,54,30,10,61,65,81,83,68,82,60,40,86,72,82,12,86,86,25,22,26,85,87,87,89,8,6,8,15,12,,52+3,52+3,52+3,51,50,50,50,51,50+3,50+3,50+3,54+3,56+3,56+3,56+3,54+3,72+3,74+3,74+3,74+3,72+3,76+3,83+3,83+3,83+3,76+3,18+3,https://cdn.sofifa.net/players/192/774/20_120.png,https://cdn.sofifa.net/teams/48/60.png,https://cdn.sofifa.net/flags/it.png,https://cdn.sofifa.net/teams/1338/60.png,https://cdn.sofifa.net/flags/gr.png
193747,https://sofifa.com/player/193747/jorge-resurreccion/200002,Koke,Jorge Resurrección Merodio,"RM, LM, CM",85,85,40500000.0,89000.0,27,1992-01-08,176,74,240.0,Atlético de Madrid,Spain Primera Division,1,RM,6,,2011-01-01,2024,45,Spain,1362.0,SUB,8,Right,4,3,3,High/High,Normal (170-185),Yes,83000000,"#Engine, #Crosser","Playmaker (AI), Team Player",68,75,86,82,74,79,86,72,61,89,56,82,85,76,87,85,70,67,71,87,80,84,63,92,75,81,79,79,82,85,59,84,74,78,64,14,12,5,10,13,,77+3,77+3,77+3,81,81,81,81,81,83+2,83+2,83+2,83+2,85,85,85,83+2,80+3,82+3,82+3,82+3,80+3,78+3,75+3,75+3,75+3,78+3,20+3,https://cdn.sofifa.net/players/193/747/20_120.png,https://cdn.sofifa.net/teams/240/60.png,https://cdn.sofifa.net/flags/es.png,https://cdn.sofifa.net/teams/1362/60.png,https://cdn.sofifa.net/flags/es.png
194404,https://sofifa.com/player/194404/norberto-murara-neto/200002,Neto,Norberto Murara Neto,GK,85,86,31000000.0,175000.0,29,1989-07-19,190,84,241.0,FC Barcelona,Spain Primera Division,1,SUB,13,,2019-07-09,2023,54,Brazil,,,,Right,2,1,2,Medium/Medium,Lean (185+),Yes,65900000,,,,,,,,,11,15,14,36,12,19,12,13,41,24,56,52,59,79,49,59,83,41,63,20,40,15,11,42,22,64,17,14,15,86,81,79,82,82,54,32+3,32+3,32+3,31+1,32+1,32+1,32+1,31+1,33+3,33+3,33+3,32+3,34+3,34+3,34+3,32+3,29+3,32+3,32+3,32+3,29+3,29+3,29+3,29+3,29+3,29+3,82+3,https://cdn.sofifa.net/players/194/404/20_120.png,https://cdn.sofifa.net/teams/241/60.png,https://cdn.sofifa.net/flags/es.png,,https://cdn.sofifa.net/flags/br.png
197445,https://sofifa.com/player/197445/david-alaba/200002,D. Alaba,David Olatukunbo Alaba,"LB, CB",85,86,38000000.0,135000.0,27,1992-06-24,180,78,21.0,FC Bayern München,German 1. Bundesliga,1,LB,27,,2010-02-10,2021,4,Austria,1322.0,LM,8,Left,4,3,4,Medium/Medium,Lean (170-185),Yes,65600000,,Long Shot Taker (AI),83,73,81,80,80,76,82,63,74,82,68,79,78,85,79,82,79,86,78,84,78,85,83,85,74,80,69,82,76,77,79,80,80,80,80,5,7,14,15,9,,77+3,77+3,77+3,79,78,78,78,79,79+3,79+3,79+3,80+3,80+3,80+3,80+3,80+3,82+3,80+3,80+3,80+3,82+3,82+3,79+3,79+3,79+3,82+3,18+3,https://cdn.sofifa.net/players/197/445/20_120.png,https://cdn.sofifa.net/teams/21/60.png,https://cdn.sofifa.net/flags/de.png,https://cdn.sofifa.net/teams/1322/60.png,https://cdn.sofifa.net/flags/at.png
198710,https://sofifa.com/player/198710/james-rodriguez/200002,J. Rodríguez,James David Rodríguez Rubio,"CAM, CM, RM",85,85,40500000.0,220000.0,27,1991-07-12,180,75,243.0,Real Madrid CF,Spain Primera Division,1,SUB,16,,2014-07-22,2020,56,Colombia,111109.0,CAM,10,Left,2,4,4,Medium/Medium,Normal (170-185),Yes,83000000,"#Playmaker, #Distance Shooter, #Crosser, #FK Specialist, #Complete Midfielder","Flair, Playmaker (AI), Outside Foot Shot, Technical Dribbler (AI)",55,86,87,86,50,63,90,83,62,86,90,85,89,86,83,90,57,54,80,84,76,86,46,65,64,92,60,55,80,86,81,87,52,41,44,15,15,15,5,14,,79+3,79+3,79+3,82,82,82,82,82,83+2,83+2,83+2,81+3,81+3,81+3,81+3,81+3,67+3,68+3,68+3,68+3,67+3,63+3,57+3,57+3,57+3,63+3,20+3,https://cdn.sofifa.net/players/198/710/20_120.png,https://cdn.sofifa.net/teams/243/60.png,https://cdn.sofifa.net/flags/es.png,https://cdn.sofifa.net/teams/111109/60.png,https://cdn.sofifa.net/flags/co.png
199482,https://sofifa.com/player/199482/anthony-lopes/200002,A. Lopes,Anthony Lopes,GK,85,87,33500000.0,88000.0,28,1990-10-01,184,81,66.0,Olympique Lyonnais,French Ligue 1,1,GK,1,,2011-07-01,2020,38,Portugal,,,,Left,2,1,2,Medium/Medium,Normal (170-185),Yes,66200000,,"Team Player, Rushes Out Of Goal, Comes For Crosses",,,,,,,19,18,16,32,13,15,15,14,31,21,63,64,67,84,62,56,82,36,73,18,43,25,9,48,16,65,13,15,13,87,80,75,84,89,64,33+2,33+2,33+2,32,33,33,33,32,33+2,33+2,33+2,33+2,32+2,32+2,32+2,33+2,31+2,32+2,32+2,32+2,31+2,31+2,31+2,31+2,31+2,31+2,84+2,https://cdn.sofifa.net/players/199/482/20_120.png,https://cdn.sofifa.net/teams/66/60.png,https://cdn.sofifa.net/flags/fr.png,,https://cdn.sofifa.net/flags/pt.png
199914,https://sofifa.com/player/199914/allan-marques-loureiro/200002,Allan,Allan Marques Loureiro,CM,85,85,38000000.0,110000.0,28,1991-01-08,175,74,48.0,Napoli,Italian Serie A,1,RCM,5,,2015-07-22,2023,54,Brazil,,,,Right,3,4,2,Medium/High,Normal (170-185),No,64600000,"#Tackling, #Tactician ",Solid Player,75,71,78,84,85,84,70,74,59,86,56,84,65,49,79,84,79,71,82,89,86,73,69,94,79,69,90,89,79,80,53,85,88,88,86,13,13,5,5,8,,76+2,76+2,76+2,80,80,80,80,80,81+2,81+2,81+2,81+2,84+1,84+1,84+1,81+2,84+1,86-1,86-1,86-1,84+1,84+1,83+2,83+2,83+2,84+1,18+2,https://cdn.sofifa.net/players/199/914/20_120.png,https://cdn.sofifa.net/teams/48/60.png,https://cdn.sofifa.net/flags/it.png,,https://cdn.sofifa.net/flags/br.png
201399,https://sofifa.com/player/201399/mauro-icardi/200002,M. Icardi,Mauro Emanuel Icardi Rivero,ST,85,86,46000000.0,115000.0,26,1993-02-19,181,75,44.0,Inter,Italian Serie A,1,RES,36,,2013-07-09,2021,52,Argentina,,,,Right,4,3,3,Medium/Low,Normal (170-185),Yes,81700000,#Poacher,"Solid Player, Power Header, Outside Foot Shot",75,84,61,77,36,69,46,89,88,73,85,75,58,45,54,80,76,75,75,85,76,84,94,67,73,70,56,22,92,64,82,79,45,24,20,13,9,5,7,9,,83+3,83+3,83+3,76,80,80,80,76,76+3,76+3,76+3,73+3,67+3,67+3,67+3,73+3,53+3,53+3,53+3,53+3,53+3,51+3,51+3,51+3,51+3,51+3,18+3,https://cdn.sofifa.net/players/201/399/20_120.png,https://cdn.sofifa.net/teams/44/60.png,https://cdn.sofifa.net/flags/it.png,,https://cdn.sofifa.net/flags/ar.png
201535,https://sofifa.com/player/201535/raphael-varane/200002,R. Varane,Raphaël Varane,CB,85,90,45000000.0,200000.0,26,1993-04-25,191,81,243.0,Real Madrid CF,Spain Primera Division,1,RCB,5,,2011-07-01,2022,18,France,1335.0,RCB,4,Right,3,2,3,Medium/High,Lean (185+),Yes,95600000,#Tackling ,,83,45,62,63,85,80,36,40,83,75,42,55,46,52,76,77,79,86,63,83,38,52,79,72,86,53,77,82,44,59,43,84,87,86,85,11,11,9,5,14,,63+3,63+3,63+3,62,63,63,63,62,65+3,65+3,65+3,64+3,70+3,70+3,70+3,64+3,75+3,79+3,79+3,79+3,75+3,78+3,83+3,83+3,83+3,78+3,18+3,https://cdn.sofifa.net/players/201/535/20_120.png,https://cdn.sofifa.net/teams/243/60.png,https://cdn.sofifa.net/flags/es.png,https://cdn.sofifa.net/teams/1335/60.png,https://cdn.sofifa.net/flags/fr.png
204963,https://sofifa.com/player/204963/daniel-carvajal-ramos/200002,Carvajal,Daniel Carvajal Ramos,RB,85,86,38000000.0,200000.0,27,1992-01-11,173,73,243.0,Real Madrid CF,Spain Primera Division,1,RB,2,,2013-07-05,2022,45,Spain,1362.0,RB,2,Right,3,3,3,High/High,Stocky (170-185),Yes,80800000,#Engine,,81,47,78,81,82,80,84,41,70,83,34,78,74,47,74,84,79,83,80,84,82,68,77,90,74,36,84,83,75,74,45,82,83,83,85,13,13,15,9,15,,68+3,68+3,68+3,75,73,73,73,75,75+3,75+3,75+3,78+3,78+3,78+3,78+3,78+3,84+2,82+3,82+3,82+3,84+2,83+3,81+3,81+3,81+3,83+3,20+3,https://cdn.sofifa.net/players/204/963/20_120.png,https://cdn.sofifa.net/teams/243/60.png,https://cdn.sofifa.net/flags/es.png,https://cdn.sofifa.net/teams/1362/60.png,https://cdn.sofifa.net/flags/es.png
208421,https://sofifa.com/player/208421/saul-niguez-esclapez/200002,Saúl,Saúl Ñíguez Esclápez,"CM, LM, RM",85,89,49500000.0,77000.0,24,1994-11-21,184,77,240.0,Atlético de Madrid,Spain Primera Division,1,LCM,8,,2013-07-01,2026,45,Spain,1362.0,LCM,6,Left,4,3,3,High/High,Lean (170-185),Yes,105200000,#Engine,"Finesse Shot, Long Shot Taker (AI)",70,78,79,81,78,78,69,78,83,85,76,81,72,60,83,85,71,70,73,82,69,82,78,87,77,81,69,79,82,82,55,83,77,78,77,7,13,12,10,9,,80+3,80+3,80+3,79,81,81,81,79,81+3,81+3,81+3,80+3,83+3,83+3,83+3,80+3,79+3,81+3,81+3,81+3,79+3,78+3,78+3,78+3,78+3,78+3,18+3,https://cdn.sofifa.net/players/208/421/20_120.png,https://cdn.sofifa.net/teams/240/60.png,https://cdn.sofifa.net/flags/es.png,https://cdn.sofifa.net/teams/1362/60.png,https://cdn.sofifa.net/flags/es.png
208670,https://sofifa.com/player/208670/hakim-ziyech/200002,H. Ziyech,Hakim Ziyech,"CAM, RW",85,86,45000000.0,39000.0,26,1993-03-19,181,65,245.0,Ajax,Holland Eredivisie,1,RAM,22,,2016-08-30,2022,129,Morocco,,,,Left,2,4,3,High/Medium,Lean (170-185),Yes,66400000,"#Playmaker, #Acrobat","Flair, Long Passer (AI), Long Shot Taker (AI), Playmaker (AI), Outside Foot Shot, Technical Dribbler (AI)",80,75,86,83,50,66,84,73,53,86,74,83,90,78,89,83,83,77,86,84,78,80,37,84,58,77,73,52,82,89,67,77,44,56,40,11,7,11,8,14,,76+3,76+3,76+3,82,81,81,81,82,83+3,83+3,83+3,83+3,82+3,82+3,82+3,83+3,70+3,70+3,70+3,70+3,70+3,66+3,57+3,57+3,57+3,66+3,18+3,https://cdn.sofifa.net/players/208/670/20_120.png,https://cdn.sofifa.net/teams/245/60.png,https://cdn.sofifa.net/flags/nl.png,,https://cdn.sofifa.net/flags/ma.png
209499,https://sofifa.com/player/209499/fabio-henrique-tavares/200002,Fabinho,Fábio Henrique Tavares,CDM,85,89,45000000.0,125000.0,25,1993-10-23,188,78,9.0,Liverpool,English Premier League,1,CDM,3,,2018-07-01,2023,54,Brazil,,,,Right,2,3,3,Medium/High,Lean (185+),Yes,86600000,"#Tackling, #Tactician ","Solid Player, Dives Into Tackles (AI), Long Passer (AI)",68,69,78,77,85,83,75,66,75,83,47,76,71,53,82,82,67,69,66,84,66,78,75,88,81,65,85,88,70,78,91,84,84,86,85,13,12,6,8,8,,74+3,74+3,74+3,75,75,75,75,75,76+3,76+3,76+3,77+3,81+3,81+3,81+3,77+3,82+3,84+3,84+3,84+3,82+3,82+3,83+3,83+3,83+3,82+3,18+3,https://cdn.sofifa.net/players/209/499/20_120.png,https://cdn.sofifa.net/teams/9/60.png,https://cdn.sofifa.net/flags/gb-eng.png,,https://cdn.sofifa.net/flags/br.png
212190,https://sofifa.com/player/212190/niklas-sule/200002,N. Süle,Niklas Süle,CB,85,90,46500000.0,115000.0,23,1995-09-03,195,97,21.0,FC Bayern München,German 1. Bundesliga,1,RCB,4,,2017-07-01,2022,21,Germany,1337.0,RCB,15,Right,3,2,2,Medium/Medium,Stocky (185+),Yes,80200000,"#Aerial Threat, #Tackling, #Strength",,72,42,55,50,86,82,34,22,86,78,33,43,28,30,69,63,53,87,34,81,33,77,40,66,94,62,83,81,26,40,32,75,85,89,87,15,7,14,7,15,,57+2,57+2,57+2,51,54,54,54,51,54+2,54+2,54+2,54+2,63+2,63+2,63+2,54+2,71+2,77+2,77+2,77+2,71+2,75+2,83+2,83+2,83+2,75+2,19+2,https://cdn.sofifa.net/players/212/190/20_120.png,https://cdn.sofifa.net/teams/21/60.png,https://cdn.sofifa.net/flags/de.png,https://cdn.sofifa.net/teams/1337/60.png,https://cdn.sofifa.net/flags/de.png
